,1,0.5,0.2
0,3-4,3.5-3.9,3.6-3.7
1,4-5,4.0-4.4,4.2-4.3
2,4-5,4.0-4.4,4.2-4.3
3,4-5,4.5-4.9,4.6-4.7
4,4-5,4.0-4.4,4.4-4.5
5,4-5,4.0-4.4,4.2-4.3
6,4-5,4.5-4.9,4.4-4.5
7,4-5,4.0-4.4,4.2-4.3
8,4-5,4.0-4.4,4.2-4.3
9,4-5,4.0-4.4,4.0-4.1
10,4-5,4.0-4.4,4.4-4.5
11,4-5,4.0-4.4,4.2-4.3
12,4-5,4.0-4.4,4.0-4.1
13,4-5,4.5-4.9,4.4-4.5
14,4-5,4.5-4.9,4.4-4.5
15,4-5,4.5-4.9,4.4-4.5
16,4-5,4.5-4.9,4.6-4.7
17,4-5,4.0-4.4,4.2-4.3
18,4-5,4.0-4.4,4.2-4.3
19,4-5,4.5-4.9,4.4-4.5
20,4-5,4.0-4.4,4.4-4.5
21,4-5,4.0-4.4,4.4-4.5
22,4-5,4.5-4.9,4.4-4.5
23,4-5,4.5-4.9,4.6-4.7
24,4-5,4.0-4.4,4.2-4.3
25,4-5,4.0-4.4,4.4-4.5
26,4-5,4.5-4.9,4.6-4.7
27,4-5,4.5-4.9,4.4-4.5
28,4-5,4.5-4.9,4.6-4.7
29,3-4,3.5-3.9,3.6-3.7
30,4-5,4.0-4.4,4.4-4.5
31,4-5,4.5-4.9,4.4-4.5
32,3-4,3.5-3.9,3.6-3.7
33,4-5,4.5-5.0,4.8-5.0
34,3-4,3.5-3.9,3.4-3.5
35,4-5,4.0-4.4,4.0-4.1
36,3-4,3.0-3.4,3.0-3.1
37,3-4,3.5-3.9,3.6-3.7
38,4-5,4.5-4.9,4.6-4.7
39,3-4,3.5-3.9,3.8-3.9
40,3-4,3.0-3.4,3.2-3.3
41,4-5,4.5-4.9,4.4-4.5
42,3-4,3.0-3.4,3.2-3.3
43,4-5,4.0-4.4,4.2-4.3
44,4-5,4.0-4.4,4.4-4.5
45,4-5,4.0-4.4,4.0-4.1
46,4-5,4.0-4.4,4.2-4.3
47,3-4,3.5-3.9,3.6-3.7
48,4-5,4.5-4.9,4.4-4.5
49,4-5,4.5-4.9,4.6-4.7
50,4-5,4.5-5.0,4.8-5.0
51,3-4,3.0-3.4,3.0-3.1
52,4-5,4.0-4.4,4.4-4.5
53,4-5,4.0-4.4,4.0-4.1
54,3-4,3.5-3.9,3.4-3.5
55,4-5,4.0-4.4,4.2-4.3
56,4-5,4.0-4.4,4.2-4.3
57,4-5,4.5-4.9,4.4-4.5
58,3-4,3.5-3.9,3.8-3.9
59,3-4,3.0-3.4,3.0-3.1
60,4-5,4.0-4.4,4.2-4.3
61,4-5,4.5-4.9,4.4-4.5
62,3-4,3.5-3.9,3.6-3.7
63,4-5,4.5-4.9,4.4-4.5
64,4-5,4.5-4.9,4.6-4.7
65,4-5,4.5-4.9,4.4-4.5
66,4-5,4.0-4.4,4.0-4.1
67,3-4,3.5-3.9,3.8-3.9
68,4-5,4.0-4.4,4.4-4.5
69,3-4,3.5-3.9,3.8-3.9
70,4-5,4.5-5.0,4.8-5.0
71,4-5,4.5-4.9,4.4-4.5
72,3-4,3.5-3.9,3.6-3.7
73,4-5,4.5-4.9,4.6-4.7
74,4-5,4.0-4.4,4.0-4.1
75,3-4,3.5-3.9,3.8-3.9
76,4-5,4.5-4.9,4.6-4.7
77,4-5,4.0-4.4,4.0-4.1
78,4-5,4.0-4.4,4.2-4.3
79,4-5,4.0-4.4,4.4-4.5
80,4-5,4.0-4.4,4.0-4.1
81,4-5,4.5-5.0,4.8-5.0
82,4-5,4.0-4.4,4.0-4.1
83,3-4,3.5-3.9,3.6-3.7
84,4-5,4.0-4.4,4.2-4.3
85,3-4,3.0-3.4,3.2-3.3
86,3-4,3.5-3.9,3.4-3.5
87,3-4,3.5-3.9,3.4-3.5
88,4-5,4.5-4.9,4.4-4.5
89,4-5,4.0-4.4,4.0-4.1
90,4-5,4.5-4.9,4.4-4.5
91,4-5,4.0-4.4,4.4-4.5
92,4-5,4.0-4.4,4.2-4.3
93,4-5,4.0-4.4,4.2-4.3
94,3-4,3.5-3.9,3.8-3.9
95,4-5,4.5-4.9,4.4-4.5
96,4-5,4.0-4.4,4.0-4.1
97,4-5,4.0-4.4,4.4-4.5
98,4-5,4.0-4.4,4.0-4.1
99,4-5,4.0-4.4,4.0-4.1
100,4-5,4.0-4.4,4.0-4.1
101,3-4,3.5-3.9,3.6-3.7
102,3-4,3.5-3.9,3.6-3.7
103,4-5,4.5-4.9,4.4-4.5
104,4-5,4.0-4.4,4.2-4.3
105,2-3,2.5-2.9,2.4-2.5
106,4-5,4.0-4.4,4.0-4.1
107,3-4,3.0-3.4,3.2-3.3
108,4-5,4.0-4.4,4.0-4.1
109,4-5,4.5-4.9,4.4-4.5
110,4-5,4.5-4.9,4.4-4.5
111,3-4,3.0-3.4,3.2-3.3
112,4-5,4.5-4.9,4.6-4.7
113,4-5,4.0-4.4,4.2-4.3
114,4-5,4.0-4.4,4.0-4.1
115,4-5,4.0-4.4,4.4-4.5
116,4-5,4.5-4.9,4.6-4.7
117,4-5,4.0-4.4,4.2-4.3
118,4-5,4.0-4.4,4.4-4.5
119,4-5,4.0-4.4,4.4-4.5
120,4-5,4.0-4.4,4.0-4.1
121,4-5,4.0-4.4,4.2-4.3
122,4-5,4.5-4.9,4.4-4.5
123,4-5,4.0-4.4,4.2-4.3
124,1-2,1.5-1.9,1.6-1.7
125,4-5,4.0-4.4,4.2-4.3
126,4-5,4.0-4.4,4.2-4.3
127,4-5,4.0-4.4,4.0-4.1
128,4-5,4.5-4.9,4.4-4.5
129,4-5,4.0-4.4,4.2-4.3
130,2-3,2.0-2.4,2.2-2.3
131,3-4,3.0-3.4,3.0-3.1
132,3-4,3.0-3.4,3.2-3.3
133,4-5,4.0-4.4,4.4-4.5
134,4-5,4.0-4.4,4.2-4.3
135,4-5,4.0-4.4,4.2-4.3
136,4-5,4.0-4.4,4.2-4.3
137,3-4,3.5-3.9,3.6-3.7
138,4-5,4.5-4.9,4.4-4.5
139,4-5,4.0-4.4,4.4-4.5
140,4-5,4.0-4.4,4.4-4.5
141,3-4,3.5-3.9,3.8-3.9
142,4-5,4.0-4.4,4.2-4.3
143,4-5,4.0-4.4,4.0-4.1
144,3-4,3.0-3.4,3.2-3.3
145,4-5,4.5-4.9,4.4-4.5
146,4-5,4.0-4.4,4.4-4.5
147,4-5,4.0-4.4,4.4-4.5
148,3-4,3.0-3.4,3.2-3.3
149,4-5,4.0-4.4,4.2-4.3
150,3-4,3.0-3.4,3.2-3.3
151,4-5,4.0-4.4,4.2-4.3
152,4-5,4.0-4.4,4.2-4.3
153,4-5,4.5-4.9,4.4-4.5
154,4-5,4.5-4.9,4.4-4.5
155,4-5,4.5-4.9,4.4-4.5
156,4-5,4.0-4.4,4.2-4.3
157,4-5,4.0-4.4,4.2-4.3
158,3-4,3.5-3.9,3.6-3.7
159,3-4,3.5-3.9,3.6-3.7
160,4-5,4.0-4.4,4.2-4.3
161,4-5,4.0-4.4,4.0-4.1
162,4-5,4.0-4.4,4.2-4.3
163,4-5,4.5-4.9,4.6-4.7
164,4-5,4.5-4.9,4.4-4.5
165,4-5,4.5-5.0,4.8-5.0
166,4-5,4.5-4.9,4.6-4.7
167,4-5,4.0-4.4,4.4-4.5
168,3-4,3.0-3.4,3.0-3.1
169,4-5,4.5-4.9,4.6-4.7
170,4-5,4.0-4.4,4.2-4.3
171,4-5,4.0-4.4,4.4-4.5
172,4-5,4.5-4.9,4.6-4.7
173,4-5,4.5-4.9,4.6-4.7
174,4-5,4.0-4.4,4.2-4.3
175,3-4,3.0-3.4,3.2-3.3
176,4-5,4.0-4.4,4.2-4.3
177,4-5,4.0-4.4,4.0-4.1
178,4-5,4.0-4.4,4.4-4.5
179,4-5,4.5-4.9,4.4-4.5
180,4-5,4.0-4.4,4.0-4.1
181,4-5,4.0-4.4,4.4-4.5
182,2-3,2.0-2.4,2.2-2.3
183,4-5,4.5-4.9,4.6-4.7
184,4-5,4.0-4.4,4.0-4.1
185,4-5,4.0-4.4,4.0-4.1
186,4-5,4.0-4.4,4.0-4.1
187,4-5,4.5-4.9,4.6-4.7
188,4-5,4.5-4.9,4.4-4.5
189,4-5,4.5-4.9,4.4-4.5
190,4-5,4.0-4.4,4.2-4.3
191,3-4,3.5-3.9,3.8-3.9
192,4-5,4.0-4.4,4.2-4.3
193,4-5,4.0-4.4,4.0-4.1
194,4-5,4.5-4.9,4.4-4.5
195,4-5,4.5-4.9,4.4-4.5
196,4-5,4.0-4.4,4.2-4.3
197,4-5,4.0-4.4,4.2-4.3
198,4-5,4.0-4.4,4.2-4.3
199,4-5,4.0-4.4,4.4-4.5
200,4-5,4.0-4.4,4.2-4.3
201,1-2,1.5-1.9,1.6-1.7
202,4-5,4.5-4.9,4.6-4.7
203,4-5,4.0-4.4,4.2-4.3
204,4-5,4.0-4.4,4.2-4.3
205,4-5,4.0-4.4,4.0-4.1
206,4-5,4.0-4.4,4.2-4.3
207,4-5,4.0-4.4,4.2-4.3
208,1-2,1.0-1.4,1.0-1.1
209,4-5,4.5-4.9,4.4-4.5
210,4-5,4.5-4.9,4.4-4.5
211,4-5,4.0-4.4,4.0-4.1
212,3-4,3.0-3.4,3.0-3.1
213,4-5,4.0-4.4,4.2-4.3
214,4-5,4.0-4.4,4.2-4.3
215,4-5,4.0-4.4,4.2-4.3
216,4-5,4.0-4.4,4.0-4.1
217,4-5,4.5-4.9,4.4-4.5
218,4-5,4.0-4.4,4.4-4.5
219,4-5,4.5-4.9,4.4-4.5
220,4-5,4.5-4.9,4.8-4.9
221,4-5,4.5-4.9,4.4-4.5
222,4-5,4.0-4.4,4.2-4.3
223,4-5,4.0-4.4,4.2-4.3
224,4-5,4.0-4.4,4.2-4.3
225,4-5,4.5-4.9,4.4-4.5
226,3-4,3.5-3.9,3.6-3.7
227,4-5,4.0-4.4,4.4-4.5
228,4-5,4.5-4.9,4.4-4.5
229,4-5,4.0-4.4,4.0-4.1
230,4-5,4.0-4.4,4.0-4.1
231,3-4,3.5-3.9,3.6-3.7
232,4-5,4.5-4.9,4.4-4.5
233,3-4,3.5-3.9,3.6-3.7
234,4-5,4.0-4.4,4.2-4.3
235,4-5,4.0-4.4,4.0-4.1
236,3-4,3.5-3.9,3.6-3.7
237,4-5,4.0-4.4,4.4-4.5
238,3-4,3.5-3.9,3.6-3.7
239,4-5,4.0-4.4,4.4-4.5
240,4-5,4.5-4.9,4.4-4.5
241,4-5,4.0-4.4,4.4-4.5
242,3-4,3.5-3.9,3.6-3.7
243,4-5,4.5-4.9,4.4-4.5
244,3-4,3.0-3.4,3.2-3.3
245,4-5,4.0-4.4,4.2-4.3
246,4-5,4.0-4.4,4.0-4.1
247,3-4,3.0-3.4,3.0-3.1
248,4-5,4.0-4.4,4.2-4.3
249,4-5,4.5-5.0,4.8-5.0
250,4-5,4.5-4.9,4.4-4.5
251,4-5,4.0-4.4,4.4-4.5
252,4-5,4.0-4.4,4.0-4.1
253,4-5,4.0-4.4,4.2-4.3
254,4-5,4.0-4.4,4.2-4.3
255,4-5,4.5-4.9,4.4-4.5
256,4-5,4.5-4.9,4.4-4.5
257,2-3,2.5-2.9,2.6-2.7
258,4-5,4.0-4.4,4.2-4.3
259,4-5,4.0-4.4,4.2-4.3
260,3-4,3.0-3.4,3.2-3.3
261,4-5,4.5-4.9,4.4-4.5
262,4-5,4.0-4.4,4.4-4.5
263,4-5,4.5-4.9,4.4-4.5
264,3-4,3.5-3.9,3.6-3.7
265,4-5,4.0-4.4,4.0-4.1
266,3-4,3.0-3.4,3.2-3.3
267,4-5,4.5-5.0,4.8-5.0
268,4-5,4.5-4.9,4.6-4.7
269,4-5,4.0-4.4,4.0-4.1
270,4-5,4.0-4.4,4.0-4.1
271,4-5,4.5-4.9,4.6-4.7
272,4-5,4.5-4.9,4.4-4.5
273,4-5,4.0-4.4,4.0-4.1
274,4-5,4.5-4.9,4.4-4.5
275,4-5,4.0-4.4,4.2-4.3
276,4-5,4.0-4.4,4.2-4.3
277,4-5,4.0-4.4,4.0-4.1
278,4-5,4.0-4.4,4.4-4.5
279,4-5,4.5-4.9,4.4-4.5
280,3-4,3.5-3.9,3.8-3.9
281,4-5,4.0-4.4,4.2-4.3
282,4-5,4.0-4.4,4.2-4.3
283,3-4,3.0-3.4,3.0-3.1
284,4-5,4.0-4.4,4.4-4.5
285,4-5,4.0-4.4,4.2-4.3
286,4-5,4.0-4.4,4.0-4.1
287,4-5,4.5-4.9,4.6-4.7
288,4-5,4.5-4.9,4.6-4.7
289,3-4,3.5-3.9,3.6-3.7
290,4-5,4.0-4.4,4.2-4.3
291,4-5,4.0-4.4,4.2-4.3
292,4-5,4.0-4.4,4.4-4.5
293,4-5,4.5-4.9,4.4-4.5
294,4-5,4.0-4.4,4.0-4.1
295,4-5,4.0-4.4,4.4-4.5
296,4-5,4.0-4.4,4.4-4.5
297,4-5,4.5-4.9,4.4-4.5
298,4-5,4.5-4.9,4.4-4.5
299,4-5,4.5-4.9,4.4-4.5
300,4-5,4.0-4.4,4.0-4.1
301,2-3,2.5-2.9,2.6-2.7
302,4-5,4.5-4.9,4.6-4.7
303,4-5,4.5-4.9,4.4-4.5
304,4-5,4.0-4.4,4.0-4.1
305,3-4,3.0-3.4,3.2-3.3
306,4-5,4.5-5.0,4.8-5.0
307,4-5,4.0-4.4,4.2-4.3
308,4-5,4.5-4.9,4.4-4.5
309,4-5,4.5-4.9,4.4-4.5
310,4-5,4.0-4.4,4.2-4.3
311,4-5,4.0-4.4,4.2-4.3
312,4-5,4.0-4.4,4.2-4.3
313,4-5,4.5-4.9,4.4-4.5
314,4-5,4.0-4.4,4.4-4.5
315,3-4,3.5-3.9,3.4-3.5
316,4-5,4.0-4.4,4.4-4.5
317,3-4,3.5-3.9,3.6-3.7
318,3-4,3.5-3.9,3.6-3.7
319,4-5,4.0-4.4,4.4-4.5
320,3-4,3.0-3.4,3.2-3.3
321,4-5,4.5-4.9,4.6-4.7
322,4-5,4.0-4.4,4.4-4.5
323,4-5,4.0-4.4,4.2-4.3
324,4-5,4.0-4.4,4.0-4.1
325,4-5,4.0-4.4,4.2-4.3
326,4-5,4.0-4.4,4.4-4.5
327,3-4,3.0-3.4,3.2-3.3
328,4-5,4.5-4.9,4.4-4.5
329,4-5,4.5-4.9,4.6-4.7
330,4-5,4.5-4.9,4.4-4.5
331,3-4,3.5-3.9,3.6-3.7
332,4-5,4.5-4.9,4.4-4.5
333,4-5,4.0-4.4,4.4-4.5
334,4-5,4.0-4.4,4.4-4.5
335,3-4,3.5-3.9,3.6-3.7
336,4-5,4.5-4.9,4.4-4.5
337,4-5,4.0-4.4,4.4-4.5
338,4-5,4.0-4.4,4.2-4.3
339,4-5,4.5-4.9,4.4-4.5
340,4-5,4.0-4.4,4.2-4.3
341,4-5,4.0-4.4,4.0-4.1
342,3-4,3.5-3.9,3.6-3.7
343,4-5,4.0-4.4,4.2-4.3
344,3-4,3.0-3.4,3.2-3.3
345,4-5,4.5-4.9,4.4-4.5
346,4-5,4.0-4.4,4.4-4.5
347,4-5,4.5-4.9,4.4-4.5
348,4-5,4.5-4.9,4.4-4.5
349,4-5,4.5-4.9,4.4-4.5
350,4-5,4.0-4.4,4.0-4.1
351,4-5,4.5-4.9,4.4-4.5
352,4-5,4.0-4.4,4.0-4.1
353,3-4,3.0-3.4,3.2-3.3
354,4-5,4.5-5.0,4.8-5.0
355,4-5,4.0-4.4,4.0-4.1
356,4-5,4.0-4.4,4.2-4.3
357,3-4,3.0-3.4,3.0-3.1
358,4-5,4.5-4.9,4.4-4.5
359,4-5,4.5-4.9,4.6-4.7
360,4-5,4.0-4.4,4.2-4.3
361,4-5,4.5-4.9,4.4-4.5
362,4-5,4.5-4.9,4.4-4.5
363,4-5,4.0-4.4,4.0-4.1
364,4-5,4.5-4.9,4.6-4.7
365,3-4,3.0-3.4,3.0-3.1
366,4-5,4.0-4.4,4.2-4.3
367,4-5,4.5-4.9,4.8-4.9
368,3-4,3.0-3.4,3.2-3.3
369,4-5,4.5-4.9,4.4-4.5
370,4-5,4.5-4.9,4.4-4.5
371,3-4,3.5-3.9,3.4-3.5
372,4-5,4.0-4.4,4.2-4.3
373,4-5,4.5-5.0,4.8-5.0
374,4-5,4.5-4.9,4.4-4.5
375,4-5,4.5-4.9,4.4-4.5
376,4-5,4.5-4.9,4.4-4.5
377,3-4,3.5-3.9,3.4-3.5
378,3-4,3.5-3.9,3.8-3.9
379,4-5,4.5-4.9,4.4-4.5
380,4-5,4.0-4.4,4.2-4.3
381,4-5,4.5-4.9,4.4-4.5
382,4-5,4.0-4.4,4.2-4.3
383,3-4,3.0-3.4,3.0-3.1
384,4-5,4.0-4.4,4.4-4.5
385,4-5,4.0-4.4,4.0-4.1
386,3-4,3.0-3.4,3.2-3.3
387,4-5,4.0-4.4,4.2-4.3
388,4-5,4.0-4.4,4.0-4.1
389,4-5,4.0-4.4,4.4-4.5
390,4-5,4.5-4.9,4.4-4.5
391,4-5,4.5-4.9,4.8-4.9
392,4-5,4.0-4.4,4.0-4.1
393,4-5,4.0-4.4,4.4-4.5
394,3-4,3.0-3.4,3.2-3.3
395,4-5,4.0-4.4,4.0-4.1
396,4-5,4.5-4.9,4.4-4.5
397,4-5,4.0-4.4,4.2-4.3
398,4-5,4.0-4.4,4.0-4.1
399,4-5,4.5-4.9,4.4-4.5
400,4-5,4.5-4.9,4.4-4.5
401,4-5,4.0-4.4,4.0-4.1
402,4-5,4.5-4.9,4.4-4.5
403,4-5,4.0-4.4,4.2-4.3
404,4-5,4.0-4.4,4.2-4.3
405,4-5,4.0-4.4,4.2-4.3
406,4-5,4.0-4.4,4.2-4.3
407,4-5,4.0-4.4,4.2-4.3
408,4-5,4.0-4.4,4.0-4.1
409,4-5,4.5-4.9,4.4-4.5
410,4-5,4.0-4.4,4.0-4.1
411,4-5,4.0-4.4,4.4-4.5
412,4-5,4.0-4.4,4.4-4.5
413,4-5,4.5-4.9,4.4-4.5
414,3-4,3.5-3.9,3.8-3.9
415,4-5,4.0-4.4,4.4-4.5
416,3-4,3.5-3.9,3.6-3.7
417,4-5,4.0-4.4,4.2-4.3
418,4-5,4.0-4.4,4.0-4.1
419,3-4,3.0-3.4,3.2-3.3
420,4-5,4.5-4.9,4.4-4.5
421,4-5,4.0-4.4,4.2-4.3
422,2-3,2.5-2.9,2.6-2.7
423,4-5,4.0-4.4,4.4-4.5
424,4-5,4.0-4.4,4.2-4.3
425,4-5,4.0-4.4,4.2-4.3
426,4-5,4.0-4.4,4.4-4.5
427,3-4,3.0-3.4,3.2-3.3
428,4-5,4.5-4.9,4.6-4.7
429,4-5,4.0-4.4,4.2-4.3
430,4-5,4.5-4.9,4.4-4.5
431,3-4,3.5-3.9,3.6-3.7
432,4-5,4.5-4.9,4.4-4.5
433,4-5,4.0-4.4,4.0-4.1
434,4-5,4.5-4.9,4.4-4.5
435,4-5,4.0-4.4,4.0-4.1
436,4-5,4.0-4.4,4.4-4.5
437,4-5,4.0-4.4,4.2-4.3
438,4-5,4.5-4.9,4.4-4.5
439,2-3,2.5-2.9,2.6-2.7
440,4-5,4.0-4.4,4.2-4.3
441,4-5,4.0-4.4,4.2-4.3
442,4-5,4.5-5.0,4.8-5.0
443,4-5,4.0-4.4,4.4-4.5
444,4-5,4.0-4.4,4.2-4.3
445,4-5,4.5-4.9,4.4-4.5
446,4-5,4.0-4.4,4.0-4.1
447,4-5,4.0-4.4,4.0-4.1
448,4-5,4.0-4.4,4.2-4.3
449,3-4,3.5-3.9,3.8-3.9
450,4-5,4.0-4.4,4.2-4.3
451,4-5,4.0-4.4,4.2-4.3
452,4-5,4.0-4.4,4.4-4.5
453,4-5,4.5-4.9,4.4-4.5
454,4-5,4.0-4.4,4.2-4.3
455,4-5,4.0-4.4,4.2-4.3
456,4-5,4.5-4.9,4.4-4.5
457,4-5,4.0-4.4,4.2-4.3
458,4-5,4.5-4.9,4.4-4.5
459,2-3,2.0-2.4,2.2-2.3
460,4-5,4.5-4.9,4.4-4.5
461,4-5,4.0-4.4,4.4-4.5
462,3-4,3.0-3.4,3.2-3.3
463,4-5,4.0-4.4,4.4-4.5
464,4-5,4.0-4.4,4.4-4.5
465,4-5,4.0-4.4,4.2-4.3
466,4-5,4.0-4.4,4.4-4.5
467,4-5,4.5-5.0,4.8-5.0
468,3-4,3.0-3.4,3.0-3.1
469,4-5,4.5-4.9,4.4-4.5
470,4-5,4.0-4.4,4.2-4.3
471,4-5,4.5-4.9,4.4-4.5
472,3-4,3.5-3.9,3.8-3.9
473,3-4,3.5-3.9,3.6-3.7
474,4-5,4.0-4.4,4.2-4.3
475,4-5,4.5-5.0,4.8-5.0
476,4-5,4.5-4.9,4.6-4.7
477,4-5,4.0-4.4,4.0-4.1
478,4-5,4.0-4.4,4.2-4.3
479,3-4,3.5-3.9,3.6-3.7
480,4-5,4.5-4.9,4.6-4.7
481,4-5,4.5-4.9,4.4-4.5
482,3-4,3.5-3.9,3.6-3.7
483,4-5,4.0-4.4,4.2-4.3
484,4-5,4.5-4.9,4.6-4.7
485,4-5,4.5-4.9,4.6-4.7
486,3-4,3.0-3.4,3.2-3.3
487,4-5,4.0-4.4,4.0-4.1
488,4-5,4.5-4.9,4.4-4.5
489,4-5,4.5-4.9,4.4-4.5
490,4-5,4.0-4.4,4.0-4.1
491,4-5,4.5-4.9,4.8-4.9
492,4-5,4.5-4.9,4.6-4.7
493,3-4,3.5-3.9,3.6-3.7
494,4-5,4.5-4.9,4.4-4.5
495,4-5,4.5-4.9,4.4-4.5
496,3-4,3.0-3.4,3.0-3.1
497,4-5,4.0-4.4,4.2-4.3
498,4-5,4.0-4.4,4.4-4.5
499,3-4,3.5-3.9,3.6-3.7
500,3-4,3.0-3.4,3.2-3.3
501,4-5,4.5-4.9,4.4-4.5
502,4-5,4.0-4.4,4.4-4.5
503,4-5,4.0-4.4,4.2-4.3
504,4-5,4.5-4.9,4.4-4.5
505,4-5,4.0-4.4,4.2-4.3
506,4-5,4.5-4.9,4.4-4.5
507,4-5,4.0-4.4,4.0-4.1
508,4-5,4.5-4.9,4.4-4.5
509,4-5,4.0-4.4,4.4-4.5
510,4-5,4.0-4.4,4.0-4.1
511,4-5,4.5-4.9,4.4-4.5
512,3-4,3.5-3.9,3.6-3.7
513,4-5,4.5-4.9,4.6-4.7
514,4-5,4.0-4.4,4.2-4.3
515,4-5,4.5-4.9,4.4-4.5
516,3-4,3.5-3.9,3.6-3.7
517,4-5,4.0-4.4,4.2-4.3
518,4-5,4.5-4.9,4.4-4.5
519,4-5,4.0-4.4,4.4-4.5
520,4-5,4.0-4.4,4.4-4.5
521,4-5,4.0-4.4,4.4-4.5
522,4-5,4.0-4.4,4.0-4.1
523,4-5,4.5-5.0,4.8-5.0
524,4-5,4.0-4.4,4.2-4.3
525,4-5,4.0-4.4,4.2-4.3
526,4-5,4.5-4.9,4.4-4.5
527,3-4,3.0-3.4,3.2-3.3
528,4-5,4.5-4.9,4.4-4.5
529,4-5,4.5-4.9,4.4-4.5
530,4-5,4.0-4.4,4.4-4.5
531,4-5,4.5-4.9,4.4-4.5
532,4-5,4.5-4.9,4.4-4.5
533,3-4,3.5-3.9,3.6-3.7
534,4-5,4.5-4.9,4.6-4.7
535,4-5,4.0-4.4,4.2-4.3
536,4-5,4.0-4.4,4.2-4.3
537,4-5,4.5-4.9,4.6-4.7
538,4-5,4.5-4.9,4.4-4.5
539,2-3,2.5-2.9,2.6-2.7
540,3-4,3.0-3.4,3.2-3.3
541,4-5,4.0-4.4,4.0-4.1
542,4-5,4.0-4.4,4.0-4.1
543,4-5,4.0-4.4,4.4-4.5
544,3-4,3.5-3.9,3.4-3.5
545,4-5,4.0-4.4,4.2-4.3
546,4-5,4.5-4.9,4.4-4.5
547,4-5,4.0-4.4,4.0-4.1
548,4-5,4.0-4.4,4.0-4.1
549,4-5,4.0-4.4,4.4-4.5
550,4-5,4.5-4.9,4.4-4.5
551,4-5,4.0-4.4,4.2-4.3
552,4-5,4.0-4.4,4.0-4.1
553,4-5,4.5-4.9,4.6-4.7
554,4-5,4.0-4.4,4.2-4.3
555,4-5,4.5-4.9,4.4-4.5
556,4-5,4.5-4.9,4.6-4.7
557,4-5,4.0-4.4,4.4-4.5
558,4-5,4.5-4.9,4.6-4.7
559,4-5,4.5-4.9,4.6-4.7
560,3-4,3.5-3.9,3.8-3.9
561,4-5,4.5-4.9,4.4-4.5
562,4-5,4.0-4.4,4.2-4.3
563,3-4,3.5-3.9,3.4-3.5
564,4-5,4.5-4.9,4.6-4.7
565,4-5,4.0-4.4,4.2-4.3
566,3-4,3.5-3.9,3.8-3.9
567,4-5,4.0-4.4,4.2-4.3
568,4-5,4.0-4.4,4.2-4.3
569,4-5,4.5-4.9,4.4-4.5
570,4-5,4.5-4.9,4.4-4.5
571,4-5,4.5-4.9,4.4-4.5
572,4-5,4.0-4.4,4.4-4.5
573,4-5,4.0-4.4,4.2-4.3
574,4-5,4.0-4.4,4.2-4.3
575,4-5,4.0-4.4,4.4-4.5
576,3-4,3.5-3.9,3.6-3.7
577,4-5,4.0-4.4,4.2-4.3
578,4-5,4.5-4.9,4.4-4.5
579,4-5,4.0-4.4,4.4-4.5
580,4-5,4.5-4.9,4.6-4.7
581,4-5,4.0-4.4,4.4-4.5
582,4-5,4.5-4.9,4.4-4.5
583,4-5,4.0-4.4,4.4-4.5
584,3-4,3.0-3.4,3.2-3.3
585,4-5,4.0-4.4,4.4-4.5
586,4-5,4.5-4.9,4.4-4.5
587,4-5,4.0-4.4,4.2-4.3
588,4-5,4.5-4.9,4.4-4.5
589,4-5,4.5-4.9,4.6-4.7
590,3-4,3.0-3.4,3.2-3.3
591,3-4,3.5-3.9,3.4-3.5
592,3-4,3.5-3.9,3.8-3.9
593,4-5,4.0-4.4,4.0-4.1
594,2-3,2.5-2.9,2.8-2.9
595,4-5,4.0-4.4,4.2-4.3
596,4-5,4.0-4.4,4.2-4.3
597,4-5,4.0-4.4,4.0-4.1
598,4-5,4.0-4.4,4.4-4.5
599,4-5,4.5-4.9,4.4-4.5
600,4-5,4.0-4.4,4.2-4.3
601,4-5,4.0-4.4,4.0-4.1
602,4-5,4.5-4.9,4.6-4.7
603,4-5,4.0-4.4,4.0-4.1
604,4-5,4.0-4.4,4.0-4.1
605,4-5,4.0-4.4,4.2-4.3
606,4-5,4.5-4.9,4.4-4.5
607,4-5,4.5-4.9,4.4-4.5
608,4-5,4.5-4.9,4.4-4.5
609,3-4,3.5-3.9,3.8-3.9
610,4-5,4.5-4.9,4.6-4.7
611,4-5,4.5-4.9,4.4-4.5
612,4-5,4.0-4.4,4.2-4.3
613,4-5,4.0-4.4,4.0-4.1
614,3-4,3.5-3.9,3.6-3.7
615,4-5,4.5-4.9,4.6-4.7
616,4-5,4.0-4.4,4.0-4.1
617,4-5,4.0-4.4,4.0-4.1
618,4-5,4.0-4.4,4.4-4.5
619,4-5,4.0-4.4,4.2-4.3
620,4-5,4.0-4.4,4.2-4.3
621,4-5,4.0-4.4,4.0-4.1
622,3-4,3.5-3.9,3.6-3.7
623,4-5,4.5-4.9,4.4-4.5
624,3-4,3.0-3.4,3.2-3.3
625,4-5,4.5-5.0,4.8-5.0
626,4-5,4.5-4.9,4.4-4.5
627,4-5,4.0-4.4,4.4-4.5
628,4-5,4.0-4.4,4.0-4.1
629,3-4,3.5-3.9,3.8-3.9
630,4-5,4.5-5.0,4.8-5.0
631,4-5,4.0-4.4,4.0-4.1
632,4-5,4.0-4.4,4.4-4.5
633,4-5,4.0-4.4,4.0-4.1
634,3-4,3.5-3.9,3.8-3.9
635,4-5,4.5-4.9,4.4-4.5
636,4-5,4.0-4.4,4.2-4.3
637,4-5,4.5-4.9,4.6-4.7
638,4-5,4.0-4.4,4.2-4.3
639,4-5,4.5-4.9,4.4-4.5
640,4-5,4.5-4.9,4.4-4.5
641,4-5,4.5-4.9,4.6-4.7
642,3-4,3.5-3.9,3.6-3.7
643,4-5,4.0-4.4,4.2-4.3
644,3-4,3.5-3.9,3.6-3.7
645,4-5,4.5-5.0,4.8-5.0
646,4-5,4.0-4.4,4.2-4.3
647,4-5,4.0-4.4,4.2-4.3
648,4-5,4.5-5.0,4.8-5.0
649,3-4,3.5-3.9,3.6-3.7
650,4-5,4.5-4.9,4.6-4.7
651,4-5,4.5-5.0,4.8-5.0
652,2-3,2.5-2.9,2.6-2.7
653,3-4,3.5-3.9,3.8-3.9
654,3-4,3.0-3.4,3.2-3.3
655,4-5,4.0-4.4,4.0-4.1
656,4-5,4.0-4.4,4.2-4.3
657,4-5,4.5-4.9,4.4-4.5
658,4-5,4.5-4.9,4.4-4.5
659,4-5,4.0-4.4,4.2-4.3
660,3-4,3.0-3.4,3.0-3.1
661,3-4,3.5-3.9,3.8-3.9
662,3-4,3.5-3.9,3.6-3.7
663,3-4,3.5-3.9,3.6-3.7
664,3-4,3.5-3.9,3.6-3.7
665,4-5,4.0-4.4,4.4-4.5
666,4-5,4.0-4.4,4.0-4.1
667,4-5,4.5-4.9,4.4-4.5
668,4-5,4.5-4.9,4.4-4.5
669,4-5,4.0-4.4,4.0-4.1
670,4-5,4.5-4.9,4.6-4.7
671,4-5,4.0-4.4,4.0-4.1
672,4-5,4.0-4.4,4.4-4.5
673,4-5,4.5-5.0,4.8-5.0
674,3-4,3.5-3.9,3.6-3.7
675,4-5,4.0-4.4,4.4-4.5
676,4-5,4.0-4.4,4.4-4.5
677,4-5,4.5-4.9,4.6-4.7
678,4-5,4.0-4.4,4.2-4.3
679,4-5,4.0-4.4,4.2-4.3
680,2-3,2.0-2.4,2.2-2.3
681,3-4,3.5-3.9,3.8-3.9
682,4-5,4.0-4.4,4.0-4.1
683,4-5,4.5-4.9,4.6-4.7
684,4-5,4.5-4.9,4.4-4.5
685,4-5,4.0-4.4,4.2-4.3
686,4-5,4.0-4.4,4.2-4.3
687,4-5,4.0-4.4,4.2-4.3
688,4-5,4.5-4.9,4.4-4.5
689,4-5,4.0-4.4,4.2-4.3
690,4-5,4.5-4.9,4.4-4.5
691,4-5,4.5-4.9,4.4-4.5
692,2-3,2.0-2.4,2.2-2.3
693,4-5,4.0-4.4,4.0-4.1
694,4-5,4.5-4.9,4.4-4.5
695,4-5,4.5-4.9,4.6-4.7
696,4-5,4.5-5.0,4.8-5.0
697,4-5,4.5-5.0,4.8-5.0
698,3-4,3.5-3.9,3.8-3.9
699,4-5,4.0-4.4,4.0-4.1
700,4-5,4.0-4.4,4.2-4.3
701,3-4,3.5-3.9,3.6-3.7
702,4-5,4.5-4.9,4.6-4.7
703,4-5,4.0-4.4,4.2-4.3
704,4-5,4.0-4.4,4.0-4.1
705,4-5,4.0-4.4,4.4-4.5
706,4-5,4.0-4.4,4.2-4.3
707,4-5,4.5-4.9,4.6-4.7
708,4-5,4.0-4.4,4.0-4.1
709,4-5,4.0-4.4,4.0-4.1
710,4-5,4.0-4.4,4.2-4.3
711,4-5,4.0-4.4,4.4-4.5
712,3-4,3.5-3.9,3.6-3.7
713,4-5,4.0-4.4,4.0-4.1
714,4-5,4.5-4.9,4.4-4.5
715,4-5,4.0-4.4,4.2-4.3
716,4-5,4.0-4.4,4.0-4.1
717,4-5,4.5-4.9,4.6-4.7
718,4-5,4.5-4.9,4.4-4.5
719,3-4,3.5-3.9,3.8-3.9
720,4-5,4.0-4.4,4.0-4.1
721,4-5,4.0-4.4,4.0-4.1
722,4-5,4.5-4.9,4.6-4.7
723,4-5,4.5-4.9,4.4-4.5
724,4-5,4.0-4.4,4.0-4.1
725,4-5,4.5-4.9,4.4-4.5
726,4-5,4.0-4.4,4.2-4.3
727,4-5,4.5-4.9,4.4-4.5
728,3-4,3.5-3.9,3.4-3.5
729,4-5,4.0-4.4,4.2-4.3
730,3-4,3.5-3.9,3.6-3.7
731,4-5,4.0-4.4,4.4-4.5
732,4-5,4.5-5.0,4.8-5.0
733,4-5,4.0-4.4,4.2-4.3
734,3-4,3.5-3.9,3.6-3.7
735,4-5,4.5-4.9,4.4-4.5
736,4-5,4.0-4.4,4.2-4.3
737,4-5,4.5-4.9,4.6-4.7
738,4-5,4.0-4.4,4.2-4.3
739,4-5,4.5-4.9,4.4-4.5
740,4-5,4.0-4.4,4.2-4.3
741,4-5,4.0-4.4,4.2-4.3
742,4-5,4.5-4.9,4.4-4.5
743,4-5,4.5-4.9,4.4-4.5
744,4-5,4.5-4.9,4.4-4.5
745,4-5,4.5-4.9,4.4-4.5
746,4-5,4.5-4.9,4.4-4.5
747,3-4,3.5-3.9,3.6-3.7
748,3-4,3.5-3.9,3.6-3.7
749,4-5,4.5-4.9,4.4-4.5
750,4-5,4.0-4.4,4.4-4.5
751,4-5,4.5-4.9,4.4-4.5
752,4-5,4.0-4.4,4.2-4.3
753,3-4,3.5-3.9,3.8-3.9
754,4-5,4.0-4.4,4.2-4.3
755,4-5,4.0-4.4,4.4-4.5
756,4-5,4.0-4.4,4.0-4.1
757,4-5,4.5-4.9,4.4-4.5
758,3-4,3.5-3.9,3.6-3.7
759,4-5,4.0-4.4,4.4-4.5
760,4-5,4.0-4.4,4.2-4.3
761,4-5,4.5-4.9,4.6-4.7
762,4-5,4.0-4.4,4.4-4.5
763,4-5,4.0-4.4,4.2-4.3
764,4-5,4.0-4.4,4.4-4.5
765,4-5,4.5-4.9,4.6-4.7
766,4-5,4.0-4.4,4.2-4.3
767,4-5,4.0-4.4,4.0-4.1
768,4-5,4.0-4.4,4.4-4.5
769,4-5,4.5-4.9,4.4-4.5
770,4-5,4.0-4.4,4.0-4.1
771,4-5,4.0-4.4,4.0-4.1
772,4-5,4.0-4.4,4.4-4.5
773,4-5,4.0-4.4,4.0-4.1
774,4-5,4.5-4.9,4.4-4.5
775,4-5,4.0-4.4,4.2-4.3
776,4-5,4.5-4.9,4.4-4.5
777,4-5,4.5-4.9,4.6-4.7
778,4-5,4.5-4.9,4.4-4.5
779,4-5,4.5-4.9,4.4-4.5
780,4-5,4.5-4.9,4.4-4.5
781,3-4,3.5-3.9,3.6-3.7
782,4-5,4.0-4.4,4.2-4.3
783,3-4,3.5-3.9,3.6-3.7
784,3-4,3.0-3.4,3.2-3.3
785,4-5,4.0-4.4,4.0-4.1
786,4-5,4.0-4.4,4.4-4.5
787,3-4,3.5-3.9,3.8-3.9
788,4-5,4.5-4.9,4.6-4.7
789,4-5,4.5-4.9,4.4-4.5
790,4-5,4.5-4.9,4.4-4.5
791,4-5,4.0-4.4,4.4-4.5
792,4-5,4.5-4.9,4.4-4.5
793,4-5,4.5-4.9,4.4-4.5
794,4-5,4.0-4.4,4.2-4.3
795,2-3,2.0-2.4,2.2-2.3
796,2-3,2.0-2.4,2.2-2.3
797,4-5,4.0-4.4,4.2-4.3
798,4-5,4.0-4.4,4.0-4.1
799,4-5,4.0-4.4,4.2-4.3
800,4-5,4.5-5.0,4.8-5.0
801,4-5,4.5-4.9,4.4-4.5
802,4-5,4.0-4.4,4.2-4.3
803,4-5,4.0-4.4,4.2-4.3
804,4-5,4.0-4.4,4.4-4.5
805,4-5,4.0-4.4,4.2-4.3
806,4-5,4.0-4.4,4.4-4.5
807,4-5,4.5-4.9,4.6-4.7
808,3-4,3.5-3.9,3.8-3.9
809,4-5,4.0-4.4,4.2-4.3
810,4-5,4.0-4.4,4.0-4.1
811,4-5,4.5-4.9,4.4-4.5
812,4-5,4.0-4.4,4.2-4.3
813,4-5,4.0-4.4,4.2-4.3
814,3-4,3.0-3.4,3.0-3.1
815,2-3,2.5-2.9,2.6-2.7
816,4-5,4.5-5.0,4.8-5.0
817,4-5,4.5-5.0,4.8-5.0
818,4-5,4.0-4.4,4.4-4.5
819,4-5,4.5-4.9,4.4-4.5
820,4-5,4.0-4.4,4.0-4.1
821,4-5,4.5-4.9,4.6-4.7
822,4-5,4.0-4.4,4.2-4.3
823,4-5,4.5-4.9,4.4-4.5
824,4-5,4.5-4.9,4.6-4.7
825,4-5,4.0-4.4,4.2-4.3
826,4-5,4.0-4.4,4.0-4.1
827,4-5,4.0-4.4,4.0-4.1
828,4-5,4.0-4.4,4.0-4.1
829,4-5,4.0-4.4,4.2-4.3
830,4-5,4.0-4.4,4.2-4.3
831,4-5,4.0-4.4,4.0-4.1
832,4-5,4.0-4.4,4.2-4.3
833,4-5,4.0-4.4,4.2-4.3
834,4-5,4.0-4.4,4.4-4.5
835,4-5,4.0-4.4,4.4-4.5
836,4-5,4.5-4.9,4.4-4.5
837,3-4,3.5-3.9,3.6-3.7
838,4-5,4.5-4.9,4.4-4.5
839,4-5,4.0-4.4,4.0-4.1
840,3-4,3.5-3.9,3.6-3.7
841,4-5,4.5-4.9,4.6-4.7
842,4-5,4.0-4.4,4.2-4.3
843,4-5,4.0-4.4,4.0-4.1
844,4-5,4.0-4.4,4.0-4.1
845,3-4,3.0-3.4,3.0-3.1
846,4-5,4.5-4.9,4.4-4.5
847,3-4,3.5-3.9,3.6-3.7
848,4-5,4.0-4.4,4.4-4.5
849,4-5,4.0-4.4,4.0-4.1
850,4-5,4.0-4.4,4.4-4.5
851,3-4,3.0-3.4,3.0-3.1
852,4-5,4.5-4.9,4.4-4.5
853,4-5,4.5-4.9,4.4-4.5
854,4-5,4.0-4.4,4.4-4.5
855,3-4,3.5-3.9,3.6-3.7
856,4-5,4.5-4.9,4.4-4.5
857,4-5,4.0-4.4,4.2-4.3
858,4-5,4.0-4.4,4.2-4.3
859,3-4,3.5-3.9,3.6-3.7
860,4-5,4.0-4.4,4.4-4.5
861,4-5,4.5-4.9,4.4-4.5
862,4-5,4.0-4.4,4.0-4.1
863,4-5,4.0-4.4,4.2-4.3
864,4-5,4.0-4.4,4.0-4.1
865,4-5,4.5-4.9,4.4-4.5
866,4-5,4.0-4.4,4.4-4.5
867,4-5,4.0-4.4,4.0-4.1
868,4-5,4.0-4.4,4.0-4.1
869,4-5,4.0-4.4,4.4-4.5
870,4-5,4.0-4.4,4.4-4.5
871,3-4,3.5-3.9,3.6-3.7
872,4-5,4.5-4.9,4.4-4.5
873,4-5,4.0-4.4,4.4-4.5
874,4-5,4.0-4.4,4.0-4.1
875,4-5,4.5-4.9,4.6-4.7
876,4-5,4.0-4.4,4.2-4.3
877,4-5,4.0-4.4,4.0-4.1
878,4-5,4.0-4.4,4.0-4.1
879,4-5,4.0-4.4,4.2-4.3
880,3-4,3.5-3.9,3.6-3.7
881,3-4,3.0-3.4,3.2-3.3
882,4-5,4.5-4.9,4.4-4.5
883,2-3,2.5-2.9,2.6-2.7
884,3-4,3.5-3.9,3.6-3.7
885,4-5,4.5-4.9,4.8-4.9
886,4-5,4.0-4.4,4.2-4.3
887,3-4,3.5-3.9,3.6-3.7
888,4-5,4.0-4.4,4.0-4.1
889,4-5,4.5-4.9,4.4-4.5
890,4-5,4.5-4.9,4.6-4.7
891,4-5,4.0-4.4,4.0-4.1
892,4-5,4.0-4.4,4.4-4.5
893,4-5,4.5-4.9,4.4-4.5
894,4-5,4.0-4.4,4.2-4.3
895,4-5,4.0-4.4,4.2-4.3
896,4-5,4.0-4.4,4.2-4.3
897,3-4,3.5-3.9,3.6-3.7
898,4-5,4.0-4.4,4.2-4.3
899,4-5,4.5-4.9,4.4-4.5
900,4-5,4.5-4.9,4.4-4.5
901,4-5,4.0-4.4,4.2-4.3
902,4-5,4.5-4.9,4.6-4.7
903,4-5,4.5-4.9,4.4-4.5
904,3-4,3.0-3.4,3.0-3.1
905,4-5,4.0-4.4,4.2-4.3
906,4-5,4.0-4.4,4.2-4.3
907,4-5,4.5-4.9,4.6-4.7
908,4-5,4.0-4.4,4.0-4.1
909,4-5,4.5-4.9,4.4-4.5
910,4-5,4.5-4.9,4.4-4.5
911,3-4,3.5-3.9,3.6-3.7
912,4-5,4.0-4.4,4.4-4.5
913,4-5,4.5-4.9,4.4-4.5
914,3-4,3.5-3.9,3.6-3.7
915,4-5,4.5-4.9,4.4-4.5
916,4-5,4.0-4.4,4.0-4.1
917,4-5,4.0-4.4,4.2-4.3
918,3-4,3.5-3.9,3.6-3.7
919,4-5,4.0-4.4,4.4-4.5
920,3-4,3.0-3.4,3.2-3.3
921,4-5,4.0-4.4,4.2-4.3
922,4-5,4.0-4.4,4.2-4.3
923,4-5,4.0-4.4,4.0-4.1
924,4-5,4.0-4.4,4.0-4.1
925,4-5,4.5-5.0,4.8-5.0
926,4-5,4.0-4.4,4.2-4.3
927,3-4,3.0-3.4,3.2-3.3
928,4-5,4.5-4.9,4.6-4.7
929,3-4,3.0-3.4,3.2-3.3
930,4-5,4.0-4.4,4.0-4.1
931,3-4,3.0-3.4,3.0-3.1
932,4-5,4.5-4.9,4.4-4.5
933,4-5,4.0-4.4,4.2-4.3
934,4-5,4.0-4.4,4.2-4.3
935,4-5,4.5-4.9,4.4-4.5
936,4-5,4.5-4.9,4.6-4.7
937,4-5,4.0-4.4,4.2-4.3
938,4-5,4.5-4.9,4.4-4.5
939,4-5,4.5-4.9,4.6-4.7
940,4-5,4.5-4.9,4.6-4.7
941,4-5,4.5-4.9,4.4-4.5
942,4-5,4.5-4.9,4.4-4.5
943,4-5,4.5-4.9,4.6-4.7
944,3-4,3.0-3.4,3.0-3.1
945,4-5,4.5-4.9,4.4-4.5
946,4-5,4.5-4.9,4.4-4.5
947,4-5,4.0-4.4,4.0-4.1
948,4-5,4.0-4.4,4.0-4.1
949,4-5,4.0-4.4,4.4-4.5
950,4-5,4.0-4.4,4.4-4.5
951,4-5,4.5-4.9,4.6-4.7
952,4-5,4.5-4.9,4.4-4.5
953,4-5,4.0-4.4,4.4-4.5
954,4-5,4.5-4.9,4.4-4.5
955,3-4,3.5-3.9,3.6-3.7
956,4-5,4.0-4.4,4.2-4.3
957,4-5,4.5-4.9,4.4-4.5
958,4-5,4.0-4.4,4.2-4.3
959,4-5,4.0-4.4,4.2-4.3
960,4-5,4.5-5.0,4.8-5.0
961,4-5,4.0-4.4,4.2-4.3
962,4-5,4.5-4.9,4.4-4.5
963,4-5,4.0-4.4,4.2-4.3
964,4-5,4.0-4.4,4.4-4.5
965,4-5,4.0-4.4,4.2-4.3
966,4-5,4.0-4.4,4.0-4.1
967,4-5,4.5-4.9,4.4-4.5
968,4-5,4.5-4.9,4.4-4.5
969,4-5,4.5-5.0,4.8-5.0
970,4-5,4.0-4.4,4.2-4.3
971,4-5,4.0-4.4,4.0-4.1
972,3-4,3.5-3.9,3.6-3.7
973,4-5,4.5-5.0,4.8-5.0
974,4-5,4.5-4.9,4.4-4.5
975,2-3,2.5-2.9,2.6-2.7
976,4-5,4.5-4.9,4.6-4.7
977,4-5,4.0-4.4,4.2-4.3
978,3-4,3.5-3.9,3.6-3.7
979,3-4,3.5-3.9,3.4-3.5
980,4-5,4.5-4.9,4.6-4.7
981,4-5,4.0-4.4,4.0-4.1
982,4-5,4.0-4.4,4.2-4.3
983,4-5,4.0-4.4,4.2-4.3
984,4-5,4.0-4.4,4.2-4.3
985,3-4,3.5-3.9,3.6-3.7
986,4-5,4.0-4.4,4.2-4.3
987,4-5,4.5-4.9,4.6-4.7
988,4-5,4.0-4.4,4.0-4.1
989,4-5,4.5-4.9,4.6-4.7
990,3-4,3.5-3.9,3.6-3.7
991,3-4,3.0-3.4,3.2-3.3
992,3-4,3.5-3.9,3.6-3.7
993,4-5,4.5-4.9,4.6-4.7
994,4-5,4.0-4.4,4.2-4.3
995,4-5,4.0-4.4,4.2-4.3
996,4-5,4.5-4.9,4.6-4.7
997,3-4,3.5-3.9,3.6-3.7
998,4-5,4.0-4.4,4.4-4.5
999,4-5,4.0-4.4,4.4-4.5
1000,3-4,3.0-3.4,3.0-3.1
1001,4-5,4.5-4.9,4.4-4.5
1002,4-5,4.5-4.9,4.4-4.5
1003,4-5,4.5-4.9,4.6-4.7
1004,2-3,2.5-2.9,2.4-2.5
1005,1-2,1.0-1.4,1.0-1.1
1006,4-5,4.5-4.9,4.4-4.5
1007,4-5,4.0-4.4,4.0-4.1
1008,3-4,3.0-3.4,3.0-3.1
1009,4-5,4.0-4.4,4.0-4.1
1010,3-4,3.5-3.9,3.6-3.7
1011,4-5,4.0-4.4,4.2-4.3
1012,4-5,4.0-4.4,4.0-4.1
1013,4-5,4.0-4.4,4.2-4.3
1014,4-5,4.0-4.4,4.0-4.1
1015,4-5,4.5-4.9,4.4-4.5
1016,4-5,4.5-4.9,4.4-4.5
1017,4-5,4.0-4.4,4.2-4.3
1018,4-5,4.5-4.9,4.4-4.5
1019,4-5,4.0-4.4,4.2-4.3
1020,4-5,4.0-4.4,4.0-4.1
1021,4-5,4.0-4.4,4.4-4.5
1022,3-4,3.0-3.4,3.2-3.3
1023,4-5,4.0-4.4,4.2-4.3
1024,4-5,4.5-5.0,4.8-5.0
1025,4-5,4.0-4.4,4.0-4.1
1026,3-4,3.0-3.4,3.2-3.3
1027,4-5,4.0-4.4,4.0-4.1
1028,4-5,4.5-4.9,4.4-4.5
1029,3-4,3.5-3.9,3.4-3.5
1030,4-5,4.5-4.9,4.6-4.7
1031,4-5,4.5-4.9,4.4-4.5
1032,3-4,3.5-3.9,3.4-3.5
1033,4-5,4.0-4.4,4.4-4.5
1034,4-5,4.0-4.4,4.0-4.1
1035,4-5,4.0-4.4,4.2-4.3
1036,1-2,1.5-1.9,1.8-1.9
1037,4-5,4.5-4.9,4.4-4.5
1038,4-5,4.0-4.4,4.2-4.3
1039,4-5,4.0-4.4,4.2-4.3
1040,4-5,4.5-5.0,4.8-5.0
1041,4-5,4.5-4.9,4.6-4.7
1042,3-4,3.0-3.4,3.2-3.3
1043,2-3,2.5-2.9,2.6-2.7
1044,4-5,4.0-4.4,4.2-4.3
1045,3-4,3.0-3.4,3.0-3.1
1046,3-4,3.5-3.9,3.8-3.9
1047,4-5,4.5-4.9,4.4-4.5
1048,3-4,3.5-3.9,3.6-3.7
1049,4-5,4.0-4.4,4.2-4.3
1050,4-5,4.5-4.9,4.6-4.7
1051,4-5,4.0-4.4,4.4-4.5
1052,4-5,4.5-4.9,4.6-4.7
1053,4-5,4.0-4.4,4.2-4.3
1054,4-5,4.0-4.4,4.2-4.3
1055,4-5,4.0-4.4,4.4-4.5
1056,4-5,4.5-4.9,4.4-4.5
1057,4-5,4.0-4.4,4.2-4.3
1058,4-5,4.0-4.4,4.0-4.1
1059,4-5,4.0-4.4,4.0-4.1
1060,4-5,4.0-4.4,4.4-4.5
1061,3-4,3.5-3.9,3.6-3.7
1062,4-5,4.5-4.9,4.4-4.5
1063,4-5,4.5-4.9,4.4-4.5
1064,4-5,4.0-4.4,4.4-4.5
1065,3-4,3.5-3.9,3.8-3.9
1066,4-5,4.5-4.9,4.4-4.5
1067,4-5,4.5-4.9,4.4-4.5
1068,4-5,4.0-4.4,4.2-4.3
1069,4-5,4.0-4.4,4.2-4.3
1070,3-4,3.5-3.9,3.6-3.7
1071,4-5,4.0-4.4,4.4-4.5
1072,4-5,4.5-4.9,4.4-4.5
1073,4-5,4.5-4.9,4.4-4.5
1074,4-5,4.0-4.4,4.2-4.3
1075,4-5,4.0-4.4,4.2-4.3
1076,4-5,4.5-4.9,4.4-4.5
1077,4-5,4.5-4.9,4.6-4.7
1078,4-5,4.0-4.4,4.0-4.1
1079,4-5,4.0-4.4,4.0-4.1
1080,4-5,4.0-4.4,4.4-4.5
1081,4-5,4.0-4.4,4.2-4.3
1082,2-3,2.0-2.4,2.0-2.1
1083,3-4,3.5-3.9,3.6-3.7
1084,4-5,4.5-4.9,4.4-4.5
1085,4-5,4.0-4.4,4.4-4.5
1086,4-5,4.0-4.4,4.2-4.3
1087,4-5,4.0-4.4,4.2-4.3
1088,4-5,4.0-4.4,4.0-4.1
1089,4-5,4.0-4.4,4.2-4.3
1090,4-5,4.0-4.4,4.2-4.3
1091,4-5,4.5-4.9,4.6-4.7
1092,4-5,4.5-4.9,4.4-4.5
1093,3-4,3.5-3.9,3.8-3.9
1094,4-5,4.5-4.9,4.6-4.7
1095,4-5,4.0-4.4,4.0-4.1
1096,4-5,4.0-4.4,4.0-4.1
1097,4-5,4.5-4.9,4.4-4.5
1098,4-5,4.0-4.4,4.2-4.3
1099,4-5,4.0-4.4,4.0-4.1
1100,4-5,4.0-4.4,4.0-4.1
1101,4-5,4.5-4.9,4.4-4.5
1102,4-5,4.0-4.4,4.0-4.1
1103,4-5,4.5-4.9,4.4-4.5
1104,4-5,4.0-4.4,4.0-4.1
1105,4-5,4.0-4.4,4.4-4.5
1106,4-5,4.0-4.4,4.2-4.3
1107,4-5,4.5-4.9,4.4-4.5
1108,4-5,4.5-4.9,4.6-4.7
1109,4-5,4.0-4.4,4.2-4.3
1110,3-4,3.0-3.4,3.0-3.1
1111,3-4,3.0-3.4,3.2-3.3
1112,4-5,4.0-4.4,4.0-4.1
1113,4-5,4.0-4.4,4.0-4.1
1114,4-5,4.0-4.4,4.2-4.3
1115,4-5,4.0-4.4,4.2-4.3
1116,4-5,4.0-4.4,4.4-4.5
1117,4-5,4.0-4.4,4.2-4.3
1118,4-5,4.0-4.4,4.2-4.3
1119,3-4,3.0-3.4,3.0-3.1
1120,4-5,4.5-4.9,4.4-4.5
1121,4-5,4.5-4.9,4.6-4.7
1122,4-5,4.5-4.9,4.8-4.9
1123,3-4,3.5-3.9,3.8-3.9
1124,4-5,4.5-4.9,4.4-4.5
1125,3-4,3.5-3.9,3.6-3.7
1126,4-5,4.0-4.4,4.2-4.3
1127,4-5,4.0-4.4,4.2-4.3
1128,4-5,4.0-4.4,4.0-4.1
1129,4-5,4.5-5.0,4.8-5.0
1130,4-5,4.5-4.9,4.4-4.5
1131,4-5,4.5-4.9,4.6-4.7
1132,4-5,4.0-4.4,4.0-4.1
1133,4-5,4.5-4.9,4.4-4.5
1134,4-5,4.0-4.4,4.0-4.1
1135,4-5,4.5-4.9,4.4-4.5
1136,4-5,4.5-5.0,4.8-5.0
1137,4-5,4.5-4.9,4.4-4.5
1138,4-5,4.5-4.9,4.6-4.7
1139,4-5,4.5-4.9,4.6-4.7
1140,3-4,3.5-3.9,3.8-3.9
1141,4-5,4.5-4.9,4.6-4.7
1142,3-4,3.0-3.4,3.0-3.1
1143,4-5,4.0-4.4,4.4-4.5
1144,4-5,4.0-4.4,4.2-4.3
1145,3-4,3.5-3.9,3.6-3.7
1146,4-5,4.0-4.4,4.4-4.5
1147,4-5,4.0-4.4,4.4-4.5
1148,4-5,4.5-4.9,4.4-4.5
1149,4-5,4.0-4.4,4.2-4.3
1150,4-5,4.5-4.9,4.4-4.5
1151,4-5,4.5-4.9,4.4-4.5
1152,4-5,4.5-4.9,4.4-4.5
1153,4-5,4.5-4.9,4.6-4.7
1154,4-5,4.5-4.9,4.4-4.5
1155,4-5,4.5-4.9,4.4-4.5
1156,4-5,4.5-4.9,4.4-4.5
1157,4-5,4.0-4.4,4.2-4.3
1158,4-5,4.0-4.4,4.4-4.5
1159,4-5,4.0-4.4,4.2-4.3
1160,4-5,4.0-4.4,4.0-4.1
1161,4-5,4.0-4.4,4.2-4.3
1162,4-5,4.0-4.4,4.2-4.3
1163,4-5,4.0-4.4,4.2-4.3
1164,3-4,3.5-3.9,3.6-3.7
1165,4-5,4.5-4.9,4.4-4.5
1166,4-5,4.0-4.4,4.2-4.3
1167,4-5,4.0-4.4,4.2-4.3
1168,4-5,4.5-4.9,4.6-4.7
1169,4-5,4.5-4.9,4.4-4.5
1170,4-5,4.5-4.9,4.4-4.5
1171,4-5,4.0-4.4,4.2-4.3
1172,4-5,4.5-4.9,4.4-4.5
1173,3-4,3.5-3.9,3.4-3.5
1174,4-5,4.0-4.4,4.2-4.3
1175,4-5,4.0-4.4,4.2-4.3
1176,4-5,4.0-4.4,4.2-4.3
1177,4-5,4.0-4.4,4.2-4.3
1178,4-5,4.5-4.9,4.4-4.5
1179,4-5,4.0-4.4,4.2-4.3
1180,4-5,4.0-4.4,4.2-4.3
1181,4-5,4.5-4.9,4.6-4.7
1182,4-5,4.0-4.4,4.0-4.1
1183,4-5,4.0-4.4,4.2-4.3
1184,4-5,4.0-4.4,4.0-4.1
1185,4-5,4.5-4.9,4.4-4.5
1186,4-5,4.0-4.4,4.0-4.1
1187,4-5,4.0-4.4,4.2-4.3
1188,4-5,4.0-4.4,4.2-4.3
1189,4-5,4.5-4.9,4.4-4.5
1190,4-5,4.5-4.9,4.4-4.5
1191,3-4,3.0-3.4,3.0-3.1
1192,4-5,4.0-4.4,4.2-4.3
1193,3-4,3.5-3.9,3.6-3.7
1194,4-5,4.5-4.9,4.4-4.5
1195,4-5,4.0-4.4,4.0-4.1
1196,4-5,4.0-4.4,4.0-4.1
1197,4-5,4.0-4.4,4.2-4.3
1198,3-4,3.5-3.9,3.6-3.7
1199,4-5,4.5-5.0,4.8-5.0
1200,4-5,4.0-4.4,4.2-4.3
1201,4-5,4.0-4.4,4.2-4.3
1202,3-4,3.5-3.9,3.8-3.9
1203,3-4,3.0-3.4,3.2-3.3
1204,4-5,4.5-4.9,4.6-4.7
1205,4-5,4.5-4.9,4.4-4.5
1206,4-5,4.0-4.4,4.0-4.1
1207,4-5,4.5-4.9,4.4-4.5
1208,4-5,4.5-4.9,4.4-4.5
1209,4-5,4.0-4.4,4.0-4.1
1210,4-5,4.5-4.9,4.4-4.5
1211,3-4,3.5-3.9,3.4-3.5
1212,4-5,4.0-4.4,4.0-4.1
1213,4-5,4.0-4.4,4.4-4.5
1214,4-5,4.5-4.9,4.4-4.5
1215,4-5,4.5-4.9,4.4-4.5
1216,4-5,4.5-4.9,4.6-4.7
1217,4-5,4.0-4.4,4.2-4.3
1218,4-5,4.0-4.4,4.4-4.5
1219,4-5,4.5-4.9,4.8-4.9
1220,4-5,4.5-4.9,4.4-4.5
1221,4-5,4.5-4.9,4.6-4.7
1222,3-4,3.0-3.4,3.2-3.3
1223,4-5,4.5-4.9,4.6-4.7
1224,4-5,4.0-4.4,4.2-4.3
1225,4-5,4.0-4.4,4.0-4.1
1226,4-5,4.0-4.4,4.0-4.1
1227,4-5,4.5-4.9,4.4-4.5
1228,3-4,3.5-3.9,3.8-3.9
1229,4-5,4.0-4.4,4.0-4.1
1230,3-4,3.5-3.9,3.6-3.7
1231,4-5,4.0-4.4,4.2-4.3
1232,4-5,4.0-4.4,4.2-4.3
1233,4-5,4.0-4.4,4.4-4.5
1234,3-4,3.0-3.4,3.0-3.1
1235,4-5,4.5-4.9,4.6-4.7
1236,4-5,4.0-4.4,4.4-4.5
1237,4-5,4.5-5.0,4.8-5.0
1238,2-3,2.5-2.9,2.6-2.7
1239,4-5,4.5-4.9,4.4-4.5
1240,4-5,4.0-4.4,4.4-4.5
1241,4-5,4.5-4.9,4.6-4.7
1242,4-5,4.0-4.4,4.2-4.3
1243,3-4,3.5-3.9,3.6-3.7
1244,4-5,4.0-4.4,4.4-4.5
1245,4-5,4.0-4.4,4.0-4.1
1246,4-5,4.0-4.4,4.4-4.5
1247,4-5,4.0-4.4,4.4-4.5
1248,4-5,4.0-4.4,4.4-4.5
1249,4-5,4.0-4.4,4.2-4.3
1250,3-4,3.0-3.4,3.2-3.3
1251,4-5,4.5-4.9,4.4-4.5
1252,4-5,4.5-4.9,4.4-4.5
1253,3-4,3.0-3.4,3.2-3.3
1254,3-4,3.5-3.9,3.8-3.9
1255,4-5,4.5-4.9,4.4-4.5
1256,4-5,4.5-4.9,4.4-4.5
1257,4-5,4.0-4.4,4.2-4.3
1258,4-5,4.5-4.9,4.8-4.9
1259,3-4,3.5-3.9,3.6-3.7
1260,4-5,4.5-5.0,4.8-5.0
1261,1-2,1.0-1.4,1.0-1.1
1262,3-4,3.0-3.4,3.2-3.3
1263,4-5,4.0-4.4,4.2-4.3
1264,4-5,4.5-4.9,4.4-4.5
1265,3-4,3.5-3.9,3.6-3.7
1266,3-4,3.0-3.4,3.2-3.3
1267,4-5,4.0-4.4,4.2-4.3
1268,4-5,4.0-4.4,4.2-4.3
1269,4-5,4.0-4.4,4.0-4.1
1270,4-5,4.0-4.4,4.2-4.3
1271,4-5,4.5-4.9,4.6-4.7
1272,4-5,4.0-4.4,4.2-4.3
1273,4-5,4.5-4.9,4.4-4.5
1274,4-5,4.0-4.4,4.0-4.1
1275,4-5,4.5-4.9,4.6-4.7
1276,4-5,4.0-4.4,4.2-4.3
1277,4-5,4.5-4.9,4.4-4.5
1278,4-5,4.5-4.9,4.6-4.7
1279,3-4,3.5-3.9,3.4-3.5
1280,4-5,4.5-4.9,4.4-4.5
1281,4-5,4.5-4.9,4.4-4.5
1282,3-4,3.5-3.9,3.6-3.7
1283,4-5,4.5-4.9,4.6-4.7
1284,4-5,4.5-4.9,4.4-4.5
1285,4-5,4.5-4.9,4.6-4.7
1286,4-5,4.0-4.4,4.4-4.5
1287,4-5,4.0-4.4,4.4-4.5
1288,3-4,3.5-3.9,3.8-3.9
1289,4-5,4.5-4.9,4.4-4.5
1290,3-4,3.5-3.9,3.6-3.7
1291,4-5,4.5-4.9,4.4-4.5
1292,4-5,4.5-4.9,4.8-4.9
1293,4-5,4.5-4.9,4.8-4.9
1294,3-4,3.5-3.9,3.4-3.5
1295,4-5,4.5-4.9,4.4-4.5
1296,4-5,4.0-4.4,4.2-4.3
1297,4-5,4.0-4.4,4.2-4.3
1298,3-4,3.5-3.9,3.6-3.7
1299,4-5,4.0-4.4,4.4-4.5
1300,4-5,4.5-4.9,4.4-4.5
1301,3-4,3.5-3.9,3.8-3.9
1302,4-5,4.0-4.4,4.2-4.3
1303,4-5,4.5-4.9,4.4-4.5
1304,4-5,4.5-4.9,4.6-4.7
1305,2-3,2.0-2.4,2.2-2.3
1306,4-5,4.0-4.4,4.2-4.3
1307,3-4,3.0-3.4,3.2-3.3
1308,3-4,3.5-3.9,3.6-3.7
1309,4-5,4.0-4.4,4.2-4.3
1310,2-3,2.0-2.4,2.2-2.3
1311,4-5,4.5-4.9,4.4-4.5
1312,4-5,4.5-4.9,4.6-4.7
1313,4-5,4.0-4.4,4.4-4.5
1314,4-5,4.5-4.9,4.4-4.5
1315,4-5,4.5-4.9,4.4-4.5
1316,4-5,4.0-4.4,4.0-4.1
1317,4-5,4.0-4.4,4.2-4.3
1318,4-5,4.5-4.9,4.4-4.5
1319,4-5,4.0-4.4,4.2-4.3
1320,4-5,4.0-4.4,4.2-4.3
1321,4-5,4.0-4.4,4.2-4.3
1322,4-5,4.5-4.9,4.4-4.5
1323,4-5,4.5-4.9,4.4-4.5
1324,4-5,4.0-4.4,4.0-4.1
1325,4-5,4.0-4.4,4.0-4.1
1326,2-3,2.0-2.4,2.2-2.3
1327,4-5,4.0-4.4,4.0-4.1
1328,4-5,4.0-4.4,4.2-4.3
1329,4-5,4.5-4.9,4.4-4.5
1330,4-5,4.5-5.0,4.8-5.0
1331,3-4,3.5-3.9,3.6-3.7
1332,4-5,4.0-4.4,4.2-4.3
1333,4-5,4.5-4.9,4.8-4.9
1334,4-5,4.0-4.4,4.0-4.1
1335,4-5,4.0-4.4,4.4-4.5
1336,4-5,4.0-4.4,4.0-4.1
1337,3-4,3.0-3.4,3.0-3.1
1338,4-5,4.0-4.4,4.2-4.3
1339,4-5,4.0-4.4,4.2-4.3
1340,3-4,3.0-3.4,3.0-3.1
1341,4-5,4.0-4.4,4.0-4.1
1342,4-5,4.5-4.9,4.4-4.5
1343,4-5,4.0-4.4,4.0-4.1
1344,4-5,4.5-4.9,4.4-4.5
1345,4-5,4.0-4.4,4.4-4.5
1346,4-5,4.0-4.4,4.4-4.5
1347,4-5,4.0-4.4,4.0-4.1
1348,3-4,3.5-3.9,3.6-3.7
1349,3-4,3.5-3.9,3.6-3.7
1350,4-5,4.0-4.4,4.4-4.5
1351,4-5,4.0-4.4,4.0-4.1
1352,3-4,3.5-3.9,3.6-3.7
1353,4-5,4.0-4.4,4.2-4.3
1354,4-5,4.5-4.9,4.4-4.5
1355,4-5,4.5-4.9,4.4-4.5
1356,4-5,4.5-4.9,4.6-4.7
1357,4-5,4.5-4.9,4.6-4.7
1358,4-5,4.0-4.4,4.2-4.3
1359,4-5,4.5-4.9,4.4-4.5
1360,3-4,3.5-3.9,3.6-3.7
1361,4-5,4.5-5.0,4.8-5.0
1362,4-5,4.0-4.4,4.4-4.5
1363,3-4,3.5-3.9,3.6-3.7
1364,4-5,4.0-4.4,4.2-4.3
1365,3-4,3.0-3.4,3.2-3.3
1366,3-4,3.5-3.9,3.8-3.9
1367,3-4,3.5-3.9,3.8-3.9
1368,4-5,4.5-4.9,4.4-4.5
1369,4-5,4.0-4.4,4.0-4.1
1370,4-5,4.0-4.4,4.4-4.5
1371,4-5,4.0-4.4,4.4-4.5
1372,4-5,4.0-4.4,4.2-4.3
1373,4-5,4.5-4.9,4.4-4.5
1374,3-4,3.0-3.4,3.0-3.1
1375,4-5,4.0-4.4,4.2-4.3
1376,3-4,3.5-3.9,3.6-3.7
1377,4-5,4.0-4.4,4.4-4.5
1378,3-4,3.5-3.9,3.6-3.7
1379,4-5,4.0-4.4,4.2-4.3
1380,4-5,4.5-4.9,4.8-4.9
1381,4-5,4.0-4.4,4.2-4.3
1382,4-5,4.5-4.9,4.4-4.5
1383,4-5,4.0-4.4,4.0-4.1
1384,4-5,4.5-4.9,4.6-4.7
1385,4-5,4.5-4.9,4.4-4.5
1386,4-5,4.0-4.4,4.4-4.5
1387,4-5,4.0-4.4,4.2-4.3
1388,4-5,4.0-4.4,4.2-4.3
1389,4-5,4.0-4.4,4.2-4.3
1390,4-5,4.5-4.9,4.4-4.5
1391,4-5,4.5-4.9,4.6-4.7
1392,4-5,4.5-4.9,4.4-4.5
1393,3-4,3.0-3.4,3.2-3.3
1394,4-5,4.0-4.4,4.2-4.3
1395,4-5,4.0-4.4,4.4-4.5
1396,4-5,4.5-4.9,4.6-4.7
1397,4-5,4.5-4.9,4.4-4.5
1398,4-5,4.0-4.4,4.2-4.3
1399,2-3,2.5-2.9,2.6-2.7
1400,4-5,4.0-4.4,4.0-4.1
1401,4-5,4.5-4.9,4.4-4.5
1402,3-4,3.5-3.9,3.6-3.7
1403,4-5,4.5-4.9,4.4-4.5
1404,4-5,4.5-4.9,4.4-4.5
1405,4-5,4.0-4.4,4.2-4.3
1406,4-5,4.5-5.0,4.8-5.0
1407,4-5,4.5-4.9,4.4-4.5
1408,4-5,4.5-4.9,4.6-4.7
1409,4-5,4.5-4.9,4.4-4.5
1410,4-5,4.5-4.9,4.4-4.5
1411,3-4,3.5-3.9,3.8-3.9
1412,4-5,4.0-4.4,4.4-4.5
1413,3-4,3.5-3.9,3.6-3.7
1414,4-5,4.5-4.9,4.4-4.5
1415,3-4,3.0-3.4,3.2-3.3
1416,4-5,4.5-4.9,4.8-4.9
1417,3-4,3.5-3.9,3.6-3.7
1418,4-5,4.5-4.9,4.4-4.5
1419,4-5,4.5-4.9,4.6-4.7
1420,3-4,3.5-3.9,3.4-3.5
1421,4-5,4.5-5.0,4.8-5.0
1422,4-5,4.0-4.4,4.4-4.5
1423,3-4,3.5-3.9,3.6-3.7
1424,4-5,4.0-4.4,4.2-4.3
1425,4-5,4.5-4.9,4.4-4.5
1426,4-5,4.0-4.4,4.0-4.1
1427,4-5,4.0-4.4,4.2-4.3
1428,3-4,3.5-3.9,3.6-3.7
1429,2-3,2.5-2.9,2.6-2.7
1430,4-5,4.5-4.9,4.6-4.7
1431,4-5,4.5-4.9,4.4-4.5
1432,4-5,4.0-4.4,4.0-4.1
1433,4-5,4.5-4.9,4.4-4.5
1434,4-5,4.0-4.4,4.0-4.1
1435,4-5,4.0-4.4,4.4-4.5
1436,4-5,4.5-4.9,4.4-4.5
1437,4-5,4.5-5.0,4.8-5.0
1438,4-5,4.0-4.4,4.0-4.1
1439,4-5,4.5-5.0,4.8-5.0
1440,4-5,4.0-4.4,4.4-4.5
1441,4-5,4.0-4.4,4.0-4.1
1442,4-5,4.5-4.9,4.4-4.5
1443,3-4,3.5-3.9,3.4-3.5
1444,4-5,4.5-4.9,4.8-4.9
1445,3-4,3.5-3.9,3.6-3.7
1446,4-5,4.5-4.9,4.6-4.7
1447,3-4,3.5-3.9,3.6-3.7
1448,4-5,4.5-5.0,4.8-5.0
1449,4-5,4.0-4.4,4.0-4.1
1450,3-4,3.5-3.9,3.6-3.7
1451,4-5,4.5-4.9,4.6-4.7
1452,4-5,4.0-4.4,4.2-4.3
1453,3-4,3.5-3.9,3.6-3.7
1454,4-5,4.5-4.9,4.6-4.7
1455,3-4,3.5-3.9,3.6-3.7
1456,4-5,4.5-4.9,4.4-4.5
1457,4-5,4.0-4.4,4.4-4.5
1458,3-4,3.5-3.9,3.8-3.9
1459,4-5,4.0-4.4,4.0-4.1
1460,4-5,4.5-4.9,4.4-4.5
1461,4-5,4.5-4.9,4.4-4.5
1462,4-5,4.0-4.4,4.2-4.3
1463,4-5,4.0-4.4,4.2-4.3
1464,4-5,4.5-4.9,4.4-4.5
1465,3-4,3.5-3.9,3.6-3.7
1466,4-5,4.0-4.4,4.2-4.3
1467,3-4,3.0-3.4,3.0-3.1
1468,4-5,4.0-4.4,4.0-4.1
1469,4-5,4.0-4.4,4.4-4.5
1470,4-5,4.0-4.4,4.2-4.3
1471,4-5,4.0-4.4,4.2-4.3
1472,4-5,4.5-4.9,4.4-4.5
1473,4-5,4.0-4.4,4.2-4.3
1474,4-5,4.0-4.4,4.2-4.3
1475,4-5,4.0-4.4,4.2-4.3
1476,4-5,4.0-4.4,4.2-4.3
1477,4-5,4.0-4.4,4.2-4.3
1478,4-5,4.0-4.4,4.2-4.3
1479,4-5,4.0-4.4,4.4-4.5
1480,4-5,4.0-4.4,4.2-4.3
1481,4-5,4.5-4.9,4.4-4.5
1482,4-5,4.0-4.4,4.0-4.1
1483,4-5,4.0-4.4,4.0-4.1
1484,4-5,4.0-4.4,4.4-4.5
1485,4-5,4.0-4.4,4.2-4.3
1486,4-5,4.0-4.4,4.0-4.1
1487,4-5,4.0-4.4,4.4-4.5
1488,4-5,4.5-4.9,4.6-4.7
1489,4-5,4.0-4.4,4.2-4.3
1490,4-5,4.5-4.9,4.4-4.5
1491,4-5,4.5-4.9,4.6-4.7
1492,4-5,4.5-4.9,4.4-4.5
1493,4-5,4.5-4.9,4.4-4.5
1494,4-5,4.0-4.4,4.0-4.1
1495,4-5,4.0-4.4,4.0-4.1
1496,4-5,4.5-4.9,4.4-4.5
1497,3-4,3.5-3.9,3.6-3.7
1498,4-5,4.5-4.9,4.6-4.7
1499,4-5,4.0-4.4,4.4-4.5
1500,4-5,4.5-4.9,4.6-4.7
1501,4-5,4.0-4.4,4.2-4.3
1502,1-2,1.5-1.9,1.8-1.9
1503,4-5,4.0-4.4,4.4-4.5
1504,4-5,4.5-4.9,4.4-4.5
1505,4-5,4.5-4.9,4.4-4.5
1506,3-4,3.0-3.4,3.0-3.1
1507,3-4,3.0-3.4,3.2-3.3
1508,4-5,4.0-4.4,4.2-4.3
1509,4-5,4.5-4.9,4.4-4.5
1510,2-3,2.5-2.9,2.8-2.9
1511,4-5,4.0-4.4,4.2-4.3
1512,4-5,4.0-4.4,4.4-4.5
1513,4-5,4.0-4.4,4.4-4.5
1514,4-5,4.5-4.9,4.4-4.5
1515,3-4,3.0-3.4,3.2-3.3
1516,4-5,4.5-4.9,4.4-4.5
1517,4-5,4.0-4.4,4.0-4.1
1518,4-5,4.0-4.4,4.0-4.1
1519,4-5,4.5-4.9,4.4-4.5
1520,3-4,3.0-3.4,3.2-3.3
1521,4-5,4.0-4.4,4.0-4.1
1522,4-5,4.0-4.4,4.2-4.3
1523,4-5,4.0-4.4,4.0-4.1
1524,3-4,3.0-3.4,3.2-3.3
1525,3-4,3.0-3.4,3.0-3.1
1526,4-5,4.0-4.4,4.0-4.1
1527,4-5,4.0-4.4,4.2-4.3
1528,4-5,4.5-5.0,4.8-5.0
1529,4-5,4.5-4.9,4.4-4.5
1530,4-5,4.5-4.9,4.6-4.7
1531,3-4,3.5-3.9,3.8-3.9
1532,1-2,1.5-1.9,1.6-1.7
1533,4-5,4.0-4.4,4.2-4.3
1534,3-4,3.0-3.4,3.2-3.3
1535,4-5,4.5-4.9,4.4-4.5
1536,3-4,3.5-3.9,3.6-3.7
1537,3-4,3.0-3.4,3.2-3.3
1538,4-5,4.0-4.4,4.2-4.3
1539,4-5,4.5-5.0,4.8-5.0
1540,3-4,3.5-3.9,3.8-3.9
1541,4-5,4.5-5.0,4.8-5.0
1542,4-5,4.0-4.4,4.2-4.3
1543,4-5,4.0-4.4,4.4-4.5
1544,2-3,2.0-2.4,2.0-2.1
1545,4-5,4.0-4.4,4.4-4.5
1546,4-5,4.0-4.4,4.4-4.5
1547,4-5,4.0-4.4,4.2-4.3
1548,3-4,3.5-3.9,3.8-3.9
1549,4-5,4.0-4.4,4.2-4.3
1550,3-4,3.0-3.4,3.0-3.1
1551,4-5,4.0-4.4,4.0-4.1
1552,4-5,4.5-4.9,4.6-4.7
1553,4-5,4.0-4.4,4.2-4.3
1554,4-5,4.5-4.9,4.6-4.7
1555,4-5,4.0-4.4,4.2-4.3
1556,4-5,4.0-4.4,4.2-4.3
1557,4-5,4.0-4.4,4.4-4.5
1558,4-5,4.0-4.4,4.2-4.3
1559,3-4,3.0-3.4,3.2-3.3
1560,3-4,3.5-3.9,3.6-3.7
1561,4-5,4.5-4.9,4.4-4.5
1562,4-5,4.0-4.4,4.2-4.3
1563,4-5,4.5-4.9,4.4-4.5
1564,3-4,3.5-3.9,3.4-3.5
1565,4-5,4.0-4.4,4.2-4.3
1566,4-5,4.5-4.9,4.4-4.5
1567,4-5,4.0-4.4,4.2-4.3
1568,4-5,4.0-4.4,4.0-4.1
1569,3-4,3.5-3.9,3.8-3.9
1570,3-4,3.5-3.9,3.6-3.7
1571,4-5,4.5-4.9,4.4-4.5
1572,4-5,4.5-4.9,4.4-4.5
1573,4-5,4.0-4.4,4.0-4.1
1574,4-5,4.0-4.4,4.4-4.5
1575,4-5,4.0-4.4,4.0-4.1
1576,4-5,4.0-4.4,4.0-4.1
1577,4-5,4.0-4.4,4.2-4.3
1578,4-5,4.5-4.9,4.4-4.5
1579,3-4,3.5-3.9,3.4-3.5
1580,4-5,4.5-4.9,4.4-4.5
1581,4-5,4.5-4.9,4.4-4.5
1582,3-4,3.0-3.4,3.2-3.3
1583,4-5,4.0-4.4,4.4-4.5
1584,4-5,4.5-4.9,4.4-4.5
1585,4-5,4.5-4.9,4.4-4.5
1586,3-4,3.5-3.9,3.6-3.7
1587,4-5,4.0-4.4,4.2-4.3
1588,3-4,3.5-3.9,3.6-3.7
1589,4-5,4.5-4.9,4.4-4.5
1590,4-5,4.0-4.4,4.2-4.3
1591,4-5,4.5-4.9,4.8-4.9
1592,4-5,4.0-4.4,4.4-4.5
1593,4-5,4.5-4.9,4.4-4.5
1594,4-5,4.0-4.4,4.2-4.3
1595,4-5,4.0-4.4,4.4-4.5
1596,4-5,4.5-4.9,4.6-4.7
1597,4-5,4.0-4.4,4.4-4.5
1598,2-3,2.5-2.9,2.8-2.9
1599,4-5,4.0-4.4,4.0-4.1
1600,4-5,4.5-4.9,4.6-4.7
1601,4-5,4.0-4.4,4.2-4.3
1602,4-5,4.0-4.4,4.2-4.3
1603,4-5,4.0-4.4,4.2-4.3
1604,4-5,4.0-4.4,4.2-4.3
1605,3-4,3.5-3.9,3.6-3.7
1606,4-5,4.5-4.9,4.4-4.5
1607,4-5,4.0-4.4,4.2-4.3
1608,4-5,4.0-4.4,4.0-4.1
1609,4-5,4.0-4.4,4.0-4.1
1610,4-5,4.5-4.9,4.4-4.5
1611,4-5,4.5-4.9,4.6-4.7
1612,3-4,3.5-3.9,3.8-3.9
1613,4-5,4.5-4.9,4.4-4.5
1614,3-4,3.5-3.9,3.6-3.7
1615,4-5,4.0-4.4,4.0-4.1
1616,4-5,4.0-4.4,4.4-4.5
1617,4-5,4.0-4.4,4.2-4.3
1618,4-5,4.5-4.9,4.4-4.5
1619,3-4,3.5-3.9,3.6-3.7
1620,4-5,4.5-4.9,4.4-4.5
1621,4-5,4.0-4.4,4.2-4.3
1622,4-5,4.5-4.9,4.8-4.9
1623,4-5,4.0-4.4,4.4-4.5
1624,4-5,4.5-4.9,4.4-4.5
1625,4-5,4.5-4.9,4.6-4.7
1626,4-5,4.0-4.4,4.4-4.5
1627,4-5,4.5-4.9,4.6-4.7
1628,3-4,3.0-3.4,3.0-3.1
1629,4-5,4.5-4.9,4.4-4.5
1630,4-5,4.5-4.9,4.6-4.7
1631,4-5,4.5-4.9,4.4-4.5
1632,4-5,4.0-4.4,4.2-4.3
1633,4-5,4.0-4.4,4.0-4.1
1634,4-5,4.0-4.4,4.2-4.3
1635,3-4,3.5-3.9,3.6-3.7
1636,3-4,3.5-3.9,3.8-3.9
1637,4-5,4.0-4.4,4.2-4.3
1638,3-4,3.5-3.9,3.6-3.7
1639,4-5,4.5-4.9,4.4-4.5
1640,4-5,4.5-4.9,4.4-4.5
1641,4-5,4.0-4.4,4.2-4.3
1642,4-5,4.0-4.4,4.2-4.3
1643,4-5,4.0-4.4,4.0-4.1
1644,3-4,3.5-3.9,3.4-3.5
1645,4-5,4.0-4.4,4.2-4.3
1646,4-5,4.0-4.4,4.2-4.3
1647,4-5,4.5-4.9,4.4-4.5
1648,4-5,4.0-4.4,4.0-4.1
1649,4-5,4.0-4.4,4.4-4.5
1650,2-3,2.0-2.4,2.2-2.3
1651,4-5,4.5-4.9,4.4-4.5
1652,4-5,4.5-4.9,4.4-4.5
1653,4-5,4.0-4.4,4.2-4.3
1654,4-5,4.5-4.9,4.6-4.7
1655,4-5,4.5-4.9,4.4-4.5
1656,4-5,4.0-4.4,4.0-4.1
1657,4-5,4.0-4.4,4.0-4.1
1658,4-5,4.0-4.4,4.0-4.1
1659,1-2,1.5-1.9,1.8-1.9
1660,3-4,3.5-3.9,3.4-3.5
1661,4-5,4.0-4.4,4.0-4.1
1662,4-5,4.5-4.9,4.4-4.5
1663,4-5,4.5-4.9,4.4-4.5
1664,4-5,4.0-4.4,4.0-4.1
1665,4-5,4.0-4.4,4.0-4.1
1666,4-5,4.5-4.9,4.4-4.5
1667,4-5,4.0-4.4,4.2-4.3
1668,3-4,3.5-3.9,3.6-3.7
1669,4-5,4.5-4.9,4.6-4.7
1670,4-5,4.0-4.4,4.2-4.3
1671,4-5,4.0-4.4,4.2-4.3
1672,4-5,4.0-4.4,4.4-4.5
1673,4-5,4.0-4.4,4.2-4.3
1674,4-5,4.5-4.9,4.4-4.5
1675,4-5,4.5-4.9,4.4-4.5
1676,4-5,4.5-5.0,4.8-5.0
1677,4-5,4.5-4.9,4.4-4.5
1678,4-5,4.0-4.4,4.2-4.3
1679,3-4,3.5-3.9,3.6-3.7
1680,4-5,4.0-4.4,4.2-4.3
1681,4-5,4.0-4.4,4.4-4.5
1682,4-5,4.5-4.9,4.6-4.7
1683,4-5,4.0-4.4,4.4-4.5
1684,4-5,4.5-4.9,4.6-4.7
1685,4-5,4.0-4.4,4.0-4.1
1686,4-5,4.0-4.4,4.0-4.1
1687,3-4,3.0-3.4,3.0-3.1
1688,4-5,4.0-4.4,4.0-4.1
1689,3-4,3.0-3.4,3.0-3.1
1690,4-5,4.0-4.4,4.2-4.3
1691,3-4,3.5-3.9,3.6-3.7
1692,3-4,3.5-3.9,3.6-3.7
1693,3-4,3.5-3.9,3.6-3.7
1694,3-4,3.0-3.4,3.0-3.1
1695,2-3,2.5-2.9,2.6-2.7
1696,4-5,4.5-4.9,4.4-4.5
1697,4-5,4.5-4.9,4.4-4.5
1698,2-3,2.5-2.9,2.8-2.9
1699,4-5,4.5-4.9,4.6-4.7
1700,4-5,4.0-4.4,4.2-4.3
1701,4-5,4.0-4.4,4.4-4.5
1702,3-4,3.5-3.9,3.6-3.7
1703,4-5,4.0-4.4,4.4-4.5
1704,4-5,4.0-4.4,4.2-4.3
1705,4-5,4.0-4.4,4.2-4.3
1706,3-4,3.5-3.9,3.6-3.7
1707,4-5,4.0-4.4,4.4-4.5
1708,4-5,4.0-4.4,4.2-4.3
1709,4-5,4.0-4.4,4.0-4.1
1710,4-5,4.0-4.4,4.0-4.1
1711,4-5,4.5-4.9,4.4-4.5
1712,3-4,3.0-3.4,3.0-3.1
1713,4-5,4.0-4.4,4.4-4.5
1714,3-4,3.5-3.9,3.4-3.5
1715,2-3,2.5-2.9,2.8-2.9
1716,4-5,4.0-4.4,4.0-4.1
1717,4-5,4.0-4.4,4.2-4.3
1718,3-4,3.5-3.9,3.6-3.7
1719,4-5,4.0-4.4,4.4-4.5
1720,4-5,4.5-4.9,4.6-4.7
1721,4-5,4.0-4.4,4.4-4.5
1722,2-3,2.5-2.9,2.8-2.9
1723,4-5,4.0-4.4,4.2-4.3
1724,4-5,4.0-4.4,4.4-4.5
1725,4-5,4.5-4.9,4.6-4.7
1726,4-5,4.0-4.4,4.2-4.3
1727,4-5,4.0-4.4,4.2-4.3
1728,2-3,2.0-2.4,2.2-2.3
1729,3-4,3.5-3.9,3.6-3.7
1730,4-5,4.0-4.4,4.0-4.1
1731,4-5,4.0-4.4,4.4-4.5
1732,4-5,4.0-4.4,4.2-4.3
1733,4-5,4.0-4.4,4.2-4.3
1734,4-5,4.0-4.4,4.4-4.5
1735,3-4,3.5-3.9,3.6-3.7
1736,2-3,2.0-2.4,2.2-2.3
1737,4-5,4.5-4.9,4.8-4.9
1738,4-5,4.5-4.9,4.4-4.5
1739,4-5,4.0-4.4,4.0-4.1
1740,3-4,3.5-3.9,3.8-3.9
1741,4-5,4.5-4.9,4.4-4.5
1742,3-4,3.5-3.9,3.4-3.5
1743,4-5,4.0-4.4,4.2-4.3
1744,3-4,3.0-3.4,3.0-3.1
1745,4-5,4.5-4.9,4.4-4.5
1746,4-5,4.0-4.4,4.2-4.3
1747,4-5,4.5-4.9,4.4-4.5
1748,4-5,4.0-4.4,4.0-4.1
1749,4-5,4.5-4.9,4.4-4.5
1750,4-5,4.5-4.9,4.4-4.5
1751,4-5,4.0-4.4,4.2-4.3
1752,3-4,3.5-3.9,3.6-3.7
1753,4-5,4.0-4.4,4.4-4.5
1754,4-5,4.5-4.9,4.4-4.5
1755,4-5,4.5-5.0,4.8-5.0
1756,4-5,4.0-4.4,4.2-4.3
1757,3-4,3.5-3.9,3.8-3.9
1758,4-5,4.0-4.4,4.4-4.5
1759,3-4,3.0-3.4,3.2-3.3
1760,4-5,4.0-4.4,4.4-4.5
1761,4-5,4.0-4.4,4.2-4.3
1762,4-5,4.5-4.9,4.4-4.5
1763,2-3,2.5-2.9,2.8-2.9
1764,4-5,4.0-4.4,4.0-4.1
1765,4-5,4.0-4.4,4.4-4.5
1766,3-4,3.5-3.9,3.6-3.7
1767,4-5,4.5-4.9,4.4-4.5
1768,3-4,3.5-3.9,3.4-3.5
1769,4-5,4.0-4.4,4.2-4.3
1770,3-4,3.5-3.9,3.6-3.7
1771,3-4,3.5-3.9,3.8-3.9
1772,4-5,4.0-4.4,4.2-4.3
1773,4-5,4.0-4.4,4.0-4.1
1774,3-4,3.5-3.9,3.8-3.9
1775,4-5,4.0-4.4,4.4-4.5
1776,4-5,4.5-4.9,4.4-4.5
1777,3-4,3.5-3.9,3.4-3.5
1778,4-5,4.5-4.9,4.4-4.5
1779,4-5,4.5-4.9,4.4-4.5
1780,4-5,4.0-4.4,4.2-4.3
1781,4-5,4.0-4.4,4.2-4.3
1782,4-5,4.5-4.9,4.4-4.5
1783,4-5,4.0-4.4,4.0-4.1
1784,4-5,4.5-4.9,4.6-4.7
1785,4-5,4.5-4.9,4.4-4.5
1786,4-5,4.5-4.9,4.6-4.7
1787,4-5,4.5-4.9,4.4-4.5
1788,2-3,2.5-2.9,2.8-2.9
1789,4-5,4.0-4.4,4.0-4.1
1790,4-5,4.0-4.4,4.4-4.5
1791,4-5,4.0-4.4,4.2-4.3
1792,4-5,4.5-5.0,4.8-5.0
1793,4-5,4.0-4.4,4.2-4.3
1794,4-5,4.5-4.9,4.6-4.7
1795,3-4,3.0-3.4,3.0-3.1
1796,4-5,4.5-5.0,4.8-5.0
1797,2-3,2.5-2.9,2.6-2.7
1798,4-5,4.5-4.9,4.4-4.5
1799,4-5,4.0-4.4,4.2-4.3
1800,4-5,4.5-4.9,4.4-4.5
1801,4-5,4.5-4.9,4.6-4.7
1802,4-5,4.0-4.4,4.4-4.5
1803,3-4,3.5-3.9,3.6-3.7
1804,4-5,4.0-4.4,4.2-4.3
1805,4-5,4.0-4.4,4.0-4.1
1806,4-5,4.5-4.9,4.4-4.5
1807,4-5,4.0-4.4,4.0-4.1
1808,4-5,4.0-4.4,4.2-4.3
1809,4-5,4.0-4.4,4.0-4.1
1810,4-5,4.5-4.9,4.4-4.5
1811,4-5,4.0-4.4,4.2-4.3
1812,3-4,3.5-3.9,3.8-3.9
1813,4-5,4.0-4.4,4.4-4.5
1814,4-5,4.0-4.4,4.2-4.3
1815,4-5,4.0-4.4,4.0-4.1
1816,4-5,4.5-4.9,4.6-4.7
1817,4-5,4.0-4.4,4.2-4.3
1818,4-5,4.0-4.4,4.4-4.5
1819,4-5,4.5-4.9,4.4-4.5
1820,4-5,4.0-4.4,4.0-4.1
1821,4-5,4.0-4.4,4.2-4.3
1822,4-5,4.5-4.9,4.4-4.5
1823,4-5,4.0-4.4,4.0-4.1
1824,3-4,3.5-3.9,3.8-3.9
1825,3-4,3.5-3.9,3.6-3.7
1826,4-5,4.0-4.4,4.2-4.3
1827,2-3,2.5-2.9,2.6-2.7
1828,4-5,4.0-4.4,4.4-4.5
1829,4-5,4.0-4.4,4.2-4.3
1830,4-5,4.0-4.4,4.2-4.3
1831,4-5,4.0-4.4,4.2-4.3
1832,4-5,4.5-4.9,4.4-4.5
1833,4-5,4.0-4.4,4.0-4.1
1834,3-4,3.0-3.4,3.2-3.3
1835,4-5,4.0-4.4,4.2-4.3
1836,4-5,4.0-4.4,4.2-4.3
1837,4-5,4.5-4.9,4.4-4.5
1838,4-5,4.0-4.4,4.2-4.3
1839,4-5,4.5-4.9,4.4-4.5
1840,4-5,4.5-4.9,4.4-4.5
1841,4-5,4.0-4.4,4.0-4.1
1842,3-4,3.5-3.9,3.6-3.7
1843,3-4,3.5-3.9,3.6-3.7
1844,3-4,3.5-3.9,3.8-3.9
1845,3-4,3.5-3.9,3.6-3.7
1846,4-5,4.0-4.4,4.4-4.5
1847,4-5,4.0-4.4,4.0-4.1
1848,4-5,4.0-4.4,4.4-4.5
1849,3-4,3.5-3.9,3.4-3.5
1850,3-4,3.5-3.9,3.8-3.9
1851,4-5,4.5-4.9,4.4-4.5
1852,4-5,4.5-4.9,4.4-4.5
1853,4-5,4.0-4.4,4.0-4.1
1854,4-5,4.0-4.4,4.2-4.3
1855,3-4,3.5-3.9,3.6-3.7
1856,4-5,4.0-4.4,4.4-4.5
1857,4-5,4.0-4.4,4.2-4.3
1858,4-5,4.0-4.4,4.2-4.3
1859,4-5,4.0-4.4,4.4-4.5
1860,4-5,4.5-5.0,4.8-5.0
1861,4-5,4.5-4.9,4.4-4.5
1862,4-5,4.0-4.4,4.4-4.5
1863,3-4,3.0-3.4,3.2-3.3
1864,4-5,4.0-4.4,4.4-4.5
1865,4-5,4.0-4.4,4.2-4.3
1866,4-5,4.5-4.9,4.6-4.7
1867,4-5,4.0-4.4,4.2-4.3
1868,3-4,3.5-3.9,3.6-3.7
1869,4-5,4.0-4.4,4.4-4.5
1870,4-5,4.0-4.4,4.0-4.1
1871,4-5,4.5-4.9,4.6-4.7
1872,4-5,4.0-4.4,4.4-4.5
1873,4-5,4.5-4.9,4.4-4.5
1874,3-4,3.5-3.9,3.6-3.7
1875,3-4,3.5-3.9,3.4-3.5
1876,4-5,4.0-4.4,4.2-4.3
1877,3-4,3.5-3.9,3.8-3.9
1878,4-5,4.5-5.0,4.8-5.0
1879,4-5,4.0-4.4,4.4-4.5
1880,4-5,4.0-4.4,4.4-4.5
1881,4-5,4.0-4.4,4.4-4.5
1882,3-4,3.0-3.4,3.2-3.3
1883,3-4,3.5-3.9,3.8-3.9
1884,4-5,4.0-4.4,4.4-4.5
1885,4-5,4.0-4.4,4.0-4.1
1886,3-4,3.5-3.9,3.6-3.7
1887,4-5,4.5-4.9,4.6-4.7
1888,4-5,4.5-4.9,4.4-4.5
1889,4-5,4.0-4.4,4.2-4.3
1890,4-5,4.5-4.9,4.4-4.5
1891,4-5,4.0-4.4,4.4-4.5
1892,4-5,4.5-4.9,4.4-4.5
1893,3-4,3.5-3.9,3.8-3.9
1894,3-4,3.5-3.9,3.8-3.9
1895,4-5,4.5-4.9,4.4-4.5
1896,3-4,3.5-3.9,3.6-3.7
1897,4-5,4.5-4.9,4.6-4.7
1898,4-5,4.5-4.9,4.8-4.9
1899,4-5,4.5-4.9,4.4-4.5
1900,4-5,4.5-4.9,4.4-4.5
1901,4-5,4.0-4.4,4.2-4.3
1902,3-4,3.5-3.9,3.6-3.7
1903,4-5,4.0-4.4,4.2-4.3
1904,4-5,4.5-4.9,4.6-4.7
1905,4-5,4.0-4.4,4.2-4.3
1906,4-5,4.5-4.9,4.6-4.7
1907,3-4,3.0-3.4,3.2-3.3
1908,3-4,3.5-3.9,3.8-3.9
1909,4-5,4.0-4.4,4.2-4.3
1910,4-5,4.5-5.0,4.8-5.0
1911,4-5,4.5-4.9,4.4-4.5
1912,2-3,2.0-2.4,2.2-2.3
1913,4-5,4.0-4.4,4.2-4.3
1914,3-4,3.5-3.9,3.4-3.5
1915,3-4,3.5-3.9,3.6-3.7
1916,4-5,4.0-4.4,4.0-4.1
1917,4-5,4.0-4.4,4.4-4.5
1918,4-5,4.0-4.4,4.4-4.5
1919,4-5,4.0-4.4,4.2-4.3
1920,3-4,3.0-3.4,3.2-3.3
1921,4-5,4.0-4.4,4.2-4.3
1922,4-5,4.0-4.4,4.0-4.1
1923,3-4,3.5-3.9,3.6-3.7
1924,3-4,3.0-3.4,3.2-3.3
1925,3-4,3.5-3.9,3.6-3.7
1926,4-5,4.0-4.4,4.0-4.1
1927,4-5,4.0-4.4,4.0-4.1
1928,4-5,4.0-4.4,4.0-4.1
1929,4-5,4.0-4.4,4.2-4.3
1930,4-5,4.0-4.4,4.4-4.5
1931,4-5,4.0-4.4,4.4-4.5
1932,4-5,4.0-4.4,4.4-4.5
1933,4-5,4.0-4.4,4.2-4.3
1934,4-5,4.5-4.9,4.4-4.5
1935,3-4,3.0-3.4,3.2-3.3
1936,4-5,4.0-4.4,4.4-4.5
1937,4-5,4.5-5.0,4.8-5.0
1938,4-5,4.0-4.4,4.2-4.3
1939,4-5,4.0-4.4,4.2-4.3
1940,4-5,4.0-4.4,4.4-4.5
1941,4-5,4.0-4.4,4.2-4.3
1942,4-5,4.5-4.9,4.4-4.5
1943,2-3,2.5-2.9,2.4-2.5
1944,3-4,3.5-3.9,3.6-3.7
1945,3-4,3.5-3.9,3.6-3.7
1946,4-5,4.0-4.4,4.2-4.3
1947,4-5,4.0-4.4,4.4-4.5
1948,4-5,4.0-4.4,4.4-4.5
1949,3-4,3.5-3.9,3.8-3.9
1950,4-5,4.5-4.9,4.6-4.7
1951,4-5,4.5-4.9,4.4-4.5
1952,4-5,4.0-4.4,4.2-4.3
1953,4-5,4.5-4.9,4.6-4.7
1954,4-5,4.0-4.4,4.2-4.3
1955,4-5,4.5-4.9,4.4-4.5
1956,3-4,3.5-3.9,3.4-3.5
1957,4-5,4.5-4.9,4.6-4.7
1958,4-5,4.5-4.9,4.4-4.5
1959,4-5,4.5-4.9,4.4-4.5
1960,4-5,4.5-4.9,4.4-4.5
1961,4-5,4.0-4.4,4.4-4.5
1962,4-5,4.0-4.4,4.4-4.5
1963,4-5,4.5-4.9,4.6-4.7
1964,4-5,4.0-4.4,4.0-4.1
1965,4-5,4.0-4.4,4.4-4.5
1966,3-4,3.5-3.9,3.6-3.7
1967,4-5,4.5-4.9,4.6-4.7
1968,4-5,4.5-4.9,4.4-4.5
1969,4-5,4.0-4.4,4.2-4.3
1970,4-5,4.5-4.9,4.4-4.5
1971,4-5,4.5-4.9,4.4-4.5
1972,4-5,4.0-4.4,4.2-4.3
1973,3-4,3.5-3.9,3.8-3.9
1974,4-5,4.0-4.4,4.2-4.3
1975,4-5,4.5-4.9,4.4-4.5
1976,4-5,4.5-4.9,4.4-4.5
1977,4-5,4.0-4.4,4.0-4.1
1978,4-5,4.5-4.9,4.4-4.5
1979,4-5,4.0-4.4,4.0-4.1
1980,3-4,3.0-3.4,3.2-3.3
1981,4-5,4.0-4.4,4.2-4.3
1982,4-5,4.0-4.4,4.4-4.5
1983,3-4,3.5-3.9,3.6-3.7
1984,4-5,4.0-4.4,4.2-4.3
1985,4-5,4.5-4.9,4.4-4.5
1986,4-5,4.0-4.4,4.4-4.5
1987,4-5,4.0-4.4,4.0-4.1
1988,4-5,4.0-4.4,4.4-4.5
1989,3-4,3.5-3.9,3.4-3.5
1990,4-5,4.0-4.4,4.2-4.3
1991,3-4,3.5-3.9,3.4-3.5
1992,4-5,4.0-4.4,4.2-4.3
1993,4-5,4.0-4.4,4.2-4.3
1994,4-5,4.0-4.4,4.4-4.5
1995,4-5,4.5-4.9,4.4-4.5
1996,4-5,4.5-4.9,4.4-4.5
1997,3-4,3.5-3.9,3.8-3.9
1998,4-5,4.5-4.9,4.6-4.7
1999,4-5,4.0-4.4,4.2-4.3
2000,4-5,4.0-4.4,4.2-4.3
2001,4-5,4.0-4.4,4.2-4.3
2002,4-5,4.5-4.9,4.4-4.5
2003,4-5,4.0-4.4,4.4-4.5
2004,4-5,4.5-4.9,4.4-4.5
2005,3-4,3.0-3.4,3.2-3.3
2006,4-5,4.0-4.4,4.4-4.5
2007,4-5,4.0-4.4,4.0-4.1
2008,4-5,4.5-4.9,4.4-4.5
2009,4-5,4.5-4.9,4.4-4.5
2010,3-4,3.5-3.9,3.6-3.7
2011,4-5,4.5-4.9,4.6-4.7
2012,4-5,4.0-4.4,4.2-4.3
2013,4-5,4.5-4.9,4.4-4.5
2014,4-5,4.5-4.9,4.4-4.5
2015,4-5,4.0-4.4,4.0-4.1
2016,4-5,4.5-4.9,4.4-4.5
2017,4-5,4.0-4.4,4.2-4.3
2018,3-4,3.0-3.4,3.2-3.3
2019,3-4,3.5-3.9,3.6-3.7
2020,4-5,4.0-4.4,4.4-4.5
2021,4-5,4.0-4.4,4.4-4.5
2022,4-5,4.5-4.9,4.4-4.5
2023,4-5,4.0-4.4,4.0-4.1
2024,4-5,4.5-4.9,4.6-4.7
2025,3-4,3.0-3.4,3.2-3.3
2026,4-5,4.5-4.9,4.4-4.5
2027,4-5,4.0-4.4,4.2-4.3
2028,4-5,4.5-4.9,4.6-4.7
2029,4-5,4.0-4.4,4.4-4.5
2030,4-5,4.5-4.9,4.6-4.7
2031,4-5,4.5-4.9,4.4-4.5
2032,4-5,4.0-4.4,4.2-4.3
2033,4-5,4.0-4.4,4.4-4.5
2034,2-3,2.5-2.9,2.6-2.7
2035,4-5,4.0-4.4,4.0-4.1
2036,4-5,4.5-4.9,4.4-4.5
2037,4-5,4.0-4.4,4.2-4.3
2038,3-4,3.5-3.9,3.6-3.7
2039,4-5,4.5-4.9,4.4-4.5
2040,4-5,4.0-4.4,4.4-4.5
2041,3-4,3.5-3.9,3.6-3.7
2042,4-5,4.5-4.9,4.4-4.5
2043,4-5,4.0-4.4,4.4-4.5
2044,4-5,4.5-4.9,4.4-4.5
2045,4-5,4.0-4.4,4.2-4.3
2046,2-3,2.5-2.9,2.6-2.7
2047,4-5,4.0-4.4,4.0-4.1
2048,3-4,3.0-3.4,3.0-3.1
2049,4-5,4.0-4.4,4.0-4.1
2050,4-5,4.0-4.4,4.2-4.3
2051,4-5,4.0-4.4,4.0-4.1
2052,3-4,3.5-3.9,3.8-3.9
2053,4-5,4.0-4.4,4.4-4.5
2054,4-5,4.0-4.4,4.2-4.3
2055,4-5,4.5-4.9,4.6-4.7
2056,4-5,4.0-4.4,4.0-4.1
2057,4-5,4.5-5.0,4.8-5.0
2058,4-5,4.0-4.4,4.4-4.5
2059,3-4,3.5-3.9,3.8-3.9
2060,4-5,4.0-4.4,4.0-4.1
2061,4-5,4.5-4.9,4.6-4.7
2062,4-5,4.0-4.4,4.4-4.5
2063,4-5,4.0-4.4,4.0-4.1
2064,4-5,4.0-4.4,4.2-4.3
2065,4-5,4.5-4.9,4.4-4.5
2066,4-5,4.0-4.4,4.2-4.3
2067,4-5,4.0-4.4,4.4-4.5
2068,4-5,4.0-4.4,4.0-4.1
2069,4-5,4.0-4.4,4.2-4.3
2070,4-5,4.0-4.4,4.2-4.3
2071,3-4,3.5-3.9,3.6-3.7
2072,4-5,4.0-4.4,4.2-4.3
2073,4-5,4.5-4.9,4.4-4.5
2074,4-5,4.5-4.9,4.6-4.7
2075,4-5,4.0-4.4,4.0-4.1
2076,4-5,4.0-4.4,4.4-4.5
2077,3-4,3.5-3.9,3.8-3.9
2078,4-5,4.0-4.4,4.2-4.3
2079,3-4,3.5-3.9,3.6-3.7
2080,4-5,4.5-4.9,4.6-4.7
2081,4-5,4.0-4.4,4.4-4.5
2082,4-5,4.5-4.9,4.4-4.5
2083,4-5,4.0-4.4,4.4-4.5
2084,3-4,3.5-3.9,3.6-3.7
2085,4-5,4.5-4.9,4.6-4.7
2086,4-5,4.0-4.4,4.0-4.1
2087,4-5,4.0-4.4,4.2-4.3
2088,4-5,4.0-4.4,4.4-4.5
2089,4-5,4.0-4.4,4.0-4.1
2090,4-5,4.5-4.9,4.4-4.5
2091,4-5,4.0-4.4,4.4-4.5
2092,3-4,3.0-3.4,3.2-3.3
2093,4-5,4.0-4.4,4.2-4.3
2094,4-5,4.5-4.9,4.4-4.5
2095,3-4,3.5-3.9,3.6-3.7
2096,4-5,4.0-4.4,4.0-4.1
2097,4-5,4.0-4.4,4.4-4.5
2098,4-5,4.0-4.4,4.2-4.3
2099,4-5,4.0-4.4,4.0-4.1
2100,3-4,3.5-3.9,3.8-3.9
2101,4-5,4.5-4.9,4.4-4.5
2102,4-5,4.5-4.9,4.4-4.5
2103,4-5,4.5-4.9,4.4-4.5
2104,4-5,4.5-4.9,4.6-4.7
2105,4-5,4.0-4.4,4.2-4.3
2106,4-5,4.5-4.9,4.4-4.5
2107,4-5,4.0-4.4,4.2-4.3
2108,4-5,4.0-4.4,4.4-4.5
2109,4-5,4.0-4.4,4.2-4.3
2110,4-5,4.0-4.4,4.0-4.1
2111,4-5,4.0-4.4,4.2-4.3
2112,4-5,4.0-4.4,4.0-4.1
2113,4-5,4.0-4.4,4.0-4.1
2114,4-5,4.5-4.9,4.6-4.7
2115,3-4,3.0-3.4,3.2-3.3
2116,4-5,4.5-4.9,4.4-4.5
2117,4-5,4.5-4.9,4.4-4.5
2118,3-4,3.0-3.4,3.2-3.3
2119,4-5,4.5-4.9,4.4-4.5
2120,4-5,4.0-4.4,4.4-4.5
2121,3-4,3.5-3.9,3.6-3.7
2122,4-5,4.0-4.4,4.0-4.1
2123,4-5,4.5-4.9,4.4-4.5
2124,4-5,4.0-4.4,4.2-4.3
2125,4-5,4.5-4.9,4.4-4.5
2126,4-5,4.0-4.4,4.4-4.5
2127,4-5,4.5-4.9,4.6-4.7
2128,4-5,4.0-4.4,4.2-4.3
2129,4-5,4.5-4.9,4.4-4.5
2130,1-2,1.5-1.9,1.8-1.9
2131,4-5,4.0-4.4,4.0-4.1
2132,4-5,4.0-4.4,4.2-4.3
2133,4-5,4.5-4.9,4.6-4.7
2134,4-5,4.0-4.4,4.0-4.1
2135,4-5,4.0-4.4,4.4-4.5
2136,4-5,4.0-4.4,4.2-4.3
2137,4-5,4.0-4.4,4.2-4.3
2138,4-5,4.0-4.4,4.2-4.3
2139,3-4,3.5-3.9,3.8-3.9
2140,4-5,4.0-4.4,4.2-4.3
2141,3-4,3.5-3.9,3.8-3.9
2142,4-5,4.5-4.9,4.4-4.5
2143,4-5,4.0-4.4,4.2-4.3
2144,3-4,3.5-3.9,3.6-3.7
2145,4-5,4.5-4.9,4.4-4.5
2146,4-5,4.5-4.9,4.4-4.5
2147,4-5,4.0-4.4,4.2-4.3
2148,4-5,4.0-4.4,4.0-4.1
2149,4-5,4.0-4.4,4.4-4.5
2150,4-5,4.0-4.4,4.2-4.3
2151,4-5,4.5-4.9,4.4-4.5
2152,4-5,4.5-4.9,4.6-4.7
2153,4-5,4.5-4.9,4.4-4.5
2154,4-5,4.0-4.4,4.4-4.5
2155,4-5,4.0-4.4,4.4-4.5
2156,4-5,4.5-4.9,4.4-4.5
2157,3-4,3.5-3.9,3.8-3.9
2158,4-5,4.0-4.4,4.2-4.3
2159,4-5,4.0-4.4,4.2-4.3
2160,3-4,3.5-3.9,3.4-3.5
2161,4-5,4.5-4.9,4.4-4.5
2162,4-5,4.0-4.4,4.2-4.3
2163,4-5,4.0-4.4,4.0-4.1
2164,3-4,3.5-3.9,3.8-3.9
2165,4-5,4.0-4.4,4.0-4.1
2166,4-5,4.0-4.4,4.0-4.1
2167,4-5,4.5-4.9,4.4-4.5
2168,4-5,4.0-4.4,4.0-4.1
2169,4-5,4.0-4.4,4.2-4.3
2170,4-5,4.0-4.4,4.4-4.5
2171,3-4,3.5-3.9,3.4-3.5
2172,4-5,4.0-4.4,4.0-4.1
2173,4-5,4.0-4.4,4.2-4.3
2174,4-5,4.5-4.9,4.4-4.5
2175,3-4,3.5-3.9,3.6-3.7
2176,4-5,4.5-4.9,4.4-4.5
2177,4-5,4.0-4.4,4.0-4.1
2178,4-5,4.5-4.9,4.4-4.5
2179,4-5,4.5-4.9,4.4-4.5
2180,4-5,4.0-4.4,4.4-4.5
2181,3-4,3.0-3.4,3.2-3.3
2182,3-4,3.5-3.9,3.8-3.9
2183,3-4,3.5-3.9,3.6-3.7
2184,4-5,4.0-4.4,4.4-4.5
2185,4-5,4.0-4.4,4.0-4.1
2186,4-5,4.0-4.4,4.2-4.3
2187,4-5,4.0-4.4,4.2-4.3
2188,4-5,4.0-4.4,4.0-4.1
2189,3-4,3.5-3.9,3.6-3.7
2190,2-3,2.5-2.9,2.8-2.9
2191,4-5,4.5-4.9,4.6-4.7
2192,4-5,4.0-4.4,4.2-4.3
2193,4-5,4.5-4.9,4.4-4.5
2194,3-4,3.5-3.9,3.6-3.7
2195,3-4,3.0-3.4,3.2-3.3
2196,4-5,4.0-4.4,4.2-4.3
2197,4-5,4.5-4.9,4.4-4.5
2198,3-4,3.0-3.4,3.2-3.3
2199,4-5,4.0-4.4,4.2-4.3
2200,2-3,2.0-2.4,2.2-2.3
2201,4-5,4.0-4.4,4.2-4.3
2202,4-5,4.0-4.4,4.0-4.1
2203,3-4,3.5-3.9,3.6-3.7
2204,4-5,4.0-4.4,4.2-4.3
2205,4-5,4.0-4.4,4.0-4.1
2206,3-4,3.5-3.9,3.8-3.9
2207,4-5,4.0-4.4,4.2-4.3
2208,4-5,4.0-4.4,4.4-4.5
2209,4-5,4.5-4.9,4.4-4.5
2210,4-5,4.5-4.9,4.4-4.5
2211,4-5,4.5-4.9,4.4-4.5
2212,4-5,4.5-4.9,4.8-4.9
2213,3-4,3.5-3.9,3.6-3.7
2214,4-5,4.5-4.9,4.4-4.5
2215,4-5,4.0-4.4,4.2-4.3
2216,4-5,4.0-4.4,4.0-4.1
2217,4-5,4.5-4.9,4.6-4.7
2218,4-5,4.5-4.9,4.4-4.5
2219,4-5,4.0-4.4,4.2-4.3
2220,4-5,4.5-4.9,4.4-4.5
2221,4-5,4.0-4.4,4.2-4.3
2222,3-4,3.5-3.9,3.6-3.7
2223,4-5,4.5-4.9,4.4-4.5
2224,4-5,4.0-4.4,4.2-4.3
2225,4-5,4.5-4.9,4.6-4.7
2226,4-5,4.5-5.0,4.8-5.0
2227,4-5,4.0-4.4,4.2-4.3
2228,4-5,4.5-4.9,4.4-4.5
2229,4-5,4.5-4.9,4.4-4.5
2230,4-5,4.0-4.4,4.2-4.3
2231,3-4,3.5-3.9,3.6-3.7
2232,4-5,4.5-4.9,4.6-4.7
2233,4-5,4.5-4.9,4.6-4.7
2234,4-5,4.5-4.9,4.4-4.5
2235,4-5,4.0-4.4,4.0-4.1
2236,3-4,3.5-3.9,3.4-3.5
2237,4-5,4.0-4.4,4.2-4.3
2238,4-5,4.0-4.4,4.0-4.1
2239,3-4,3.5-3.9,3.6-3.7
2240,4-5,4.5-4.9,4.4-4.5
2241,4-5,4.5-4.9,4.6-4.7
2242,4-5,4.5-4.9,4.4-4.5
2243,4-5,4.5-4.9,4.4-4.5
2244,3-4,3.5-3.9,3.6-3.7
2245,4-5,4.5-4.9,4.6-4.7
2246,4-5,4.0-4.4,4.2-4.3
2247,4-5,4.5-5.0,4.8-5.0
2248,4-5,4.5-4.9,4.4-4.5
2249,4-5,4.0-4.4,4.4-4.5
2250,4-5,4.0-4.4,4.0-4.1
2251,4-5,4.0-4.4,4.4-4.5
2252,4-5,4.5-4.9,4.6-4.7
2253,4-5,4.0-4.4,4.2-4.3
2254,4-5,4.5-4.9,4.4-4.5
2255,3-4,3.5-3.9,3.6-3.7
2256,3-4,3.5-3.9,3.8-3.9
2257,4-5,4.0-4.4,4.2-4.3
2258,4-5,4.5-4.9,4.4-4.5
2259,3-4,3.0-3.4,3.2-3.3
2260,4-5,4.0-4.4,4.0-4.1
2261,3-4,3.0-3.4,3.2-3.3
2262,4-5,4.0-4.4,4.4-4.5
2263,4-5,4.0-4.4,4.2-4.3
2264,4-5,4.0-4.4,4.2-4.3
2265,4-5,4.5-4.9,4.4-4.5
2266,4-5,4.0-4.4,4.2-4.3
2267,4-5,4.5-4.9,4.4-4.5
2268,4-5,4.5-4.9,4.8-4.9
2269,4-5,4.0-4.4,4.0-4.1
2270,4-5,4.0-4.4,4.0-4.1
2271,4-5,4.0-4.4,4.0-4.1
2272,4-5,4.0-4.4,4.0-4.1
2273,4-5,4.5-5.0,4.8-5.0
2274,4-5,4.0-4.4,4.0-4.1
2275,4-5,4.5-4.9,4.4-4.5
2276,4-5,4.5-4.9,4.4-4.5
2277,4-5,4.5-4.9,4.6-4.7
2278,4-5,4.0-4.4,4.0-4.1
2279,4-5,4.5-4.9,4.8-4.9
2280,3-4,3.5-3.9,3.6-3.7
2281,4-5,4.5-4.9,4.6-4.7
2282,4-5,4.5-5.0,4.8-5.0
2283,4-5,4.5-4.9,4.4-4.5
2284,4-5,4.0-4.4,4.2-4.3
2285,4-5,4.5-4.9,4.4-4.5
2286,4-5,4.0-4.4,4.2-4.3
2287,3-4,3.5-3.9,3.8-3.9
2288,4-5,4.5-4.9,4.4-4.5
2289,4-5,4.5-4.9,4.4-4.5
2290,4-5,4.0-4.4,4.2-4.3
2291,3-4,3.5-3.9,3.8-3.9
2292,4-5,4.5-4.9,4.4-4.5
2293,4-5,4.0-4.4,4.4-4.5
2294,4-5,4.0-4.4,4.2-4.3
2295,4-5,4.5-5.0,4.8-5.0
2296,4-5,4.0-4.4,4.0-4.1
2297,4-5,4.5-4.9,4.4-4.5
2298,4-5,4.5-4.9,4.4-4.5
2299,4-5,4.0-4.4,4.2-4.3
2300,1-2,1.5-1.9,1.8-1.9
2301,4-5,4.5-4.9,4.4-4.5
2302,3-4,3.5-3.9,3.4-3.5
2303,4-5,4.0-4.4,4.2-4.3
2304,4-5,4.0-4.4,4.2-4.3
2305,3-4,3.5-3.9,3.6-3.7
2306,4-5,4.5-4.9,4.4-4.5
2307,4-5,4.5-4.9,4.4-4.5
2308,3-4,3.5-3.9,3.8-3.9
2309,4-5,4.0-4.4,4.0-4.1
2310,4-5,4.0-4.4,4.0-4.1
2311,4-5,4.5-4.9,4.4-4.5
2312,4-5,4.0-4.4,4.4-4.5
2313,3-4,3.5-3.9,3.6-3.7
2314,4-5,4.0-4.4,4.2-4.3
2315,4-5,4.0-4.4,4.4-4.5
2316,4-5,4.0-4.4,4.4-4.5
2317,4-5,4.0-4.4,4.2-4.3
2318,4-5,4.0-4.4,4.2-4.3
2319,4-5,4.0-4.4,4.2-4.3
2320,4-5,4.0-4.4,4.4-4.5
2321,4-5,4.5-4.9,4.4-4.5
2322,4-5,4.5-5.0,4.8-5.0
2323,4-5,4.0-4.4,4.2-4.3
2324,3-4,3.5-3.9,3.8-3.9
2325,4-5,4.0-4.4,4.2-4.3
2326,4-5,4.0-4.4,4.4-4.5
2327,3-4,3.5-3.9,3.4-3.5
2328,4-5,4.5-4.9,4.4-4.5
2329,4-5,4.0-4.4,4.4-4.5
2330,4-5,4.0-4.4,4.0-4.1
2331,4-5,4.5-4.9,4.4-4.5
2332,4-5,4.0-4.4,4.0-4.1
2333,4-5,4.0-4.4,4.2-4.3
2334,4-5,4.5-4.9,4.4-4.5
2335,4-5,4.5-4.9,4.4-4.5
2336,3-4,3.5-3.9,3.8-3.9
2337,4-5,4.0-4.4,4.2-4.3
2338,4-5,4.5-4.9,4.4-4.5
2339,4-5,4.5-5.0,4.8-5.0
2340,4-5,4.5-4.9,4.4-4.5
2341,4-5,4.5-4.9,4.4-4.5
2342,4-5,4.0-4.4,4.0-4.1
2343,4-5,4.0-4.4,4.4-4.5
2344,4-5,4.5-4.9,4.4-4.5
2345,4-5,4.0-4.4,4.4-4.5
2346,4-5,4.0-4.4,4.0-4.1
2347,4-5,4.5-4.9,4.6-4.7
2348,4-5,4.0-4.4,4.0-4.1
2349,4-5,4.0-4.4,4.2-4.3
2350,4-5,4.0-4.4,4.2-4.3
2351,4-5,4.0-4.4,4.0-4.1
2352,3-4,3.5-3.9,3.8-3.9
2353,4-5,4.0-4.4,4.4-4.5
2354,4-5,4.5-4.9,4.4-4.5
2355,3-4,3.5-3.9,3.6-3.7
2356,4-5,4.5-4.9,4.6-4.7
2357,4-5,4.0-4.4,4.2-4.3
2358,4-5,4.0-4.4,4.2-4.3
2359,4-5,4.5-4.9,4.4-4.5
2360,4-5,4.0-4.4,4.0-4.1
2361,4-5,4.5-5.0,4.8-5.0
2362,4-5,4.0-4.4,4.0-4.1
2363,4-5,4.0-4.4,4.2-4.3
2364,4-5,4.0-4.4,4.4-4.5
2365,4-5,4.0-4.4,4.4-4.5
2366,4-5,4.0-4.4,4.2-4.3
2367,4-5,4.5-4.9,4.6-4.7
2368,4-5,4.5-4.9,4.4-4.5
2369,4-5,4.0-4.4,4.4-4.5
2370,4-5,4.0-4.4,4.2-4.3
2371,3-4,3.5-3.9,3.6-3.7
2372,4-5,4.5-4.9,4.4-4.5
2373,4-5,4.5-4.9,4.4-4.5
2374,4-5,4.5-4.9,4.6-4.7
2375,3-4,3.5-3.9,3.6-3.7
2376,4-5,4.5-4.9,4.8-4.9
2377,4-5,4.5-4.9,4.4-4.5
2378,4-5,4.0-4.4,4.2-4.3
2379,4-5,4.5-4.9,4.6-4.7
2380,4-5,4.0-4.4,4.0-4.1
2381,3-4,3.0-3.4,3.2-3.3
2382,2-3,2.5-2.9,2.8-2.9
2383,3-4,3.5-3.9,3.8-3.9
2384,4-5,4.0-4.4,4.2-4.3
2385,4-5,4.0-4.4,4.2-4.3
2386,4-5,4.0-4.4,4.2-4.3
2387,4-5,4.5-4.9,4.6-4.7
2388,4-5,4.5-4.9,4.4-4.5
2389,4-5,4.0-4.4,4.2-4.3
2390,4-5,4.5-4.9,4.6-4.7
2391,3-4,3.5-3.9,3.8-3.9
2392,4-5,4.5-4.9,4.4-4.5
2393,3-4,3.0-3.4,3.2-3.3
2394,4-5,4.5-4.9,4.4-4.5
2395,4-5,4.0-4.4,4.2-4.3
2396,3-4,3.0-3.4,3.0-3.1
2397,3-4,3.5-3.9,3.6-3.7
2398,4-5,4.0-4.4,4.2-4.3
2399,4-5,4.0-4.4,4.2-4.3
2400,4-5,4.5-4.9,4.6-4.7
2401,4-5,4.5-4.9,4.4-4.5
2402,4-5,4.0-4.4,4.4-4.5
2403,4-5,4.0-4.4,4.4-4.5
2404,4-5,4.5-4.9,4.4-4.5
2405,4-5,4.5-4.9,4.4-4.5
2406,4-5,4.0-4.4,4.2-4.3
2407,3-4,3.0-3.4,3.2-3.3
2408,4-5,4.5-4.9,4.6-4.7
2409,4-5,4.0-4.4,4.0-4.1
2410,4-5,4.0-4.4,4.0-4.1
2411,3-4,3.5-3.9,3.6-3.7
2412,2-3,2.5-2.9,2.6-2.7
2413,4-5,4.5-4.9,4.4-4.5
2414,4-5,4.5-4.9,4.4-4.5
2415,4-5,4.5-5.0,4.8-5.0
2416,3-4,3.5-3.9,3.8-3.9
2417,4-5,4.5-4.9,4.4-4.5
2418,4-5,4.5-4.9,4.4-4.5
2419,4-5,4.5-4.9,4.4-4.5
2420,4-5,4.0-4.4,4.4-4.5
2421,4-5,4.0-4.4,4.4-4.5
2422,4-5,4.0-4.4,4.2-4.3
2423,4-5,4.5-4.9,4.4-4.5
2424,4-5,4.0-4.4,4.0-4.1
2425,4-5,4.0-4.4,4.4-4.5
2426,4-5,4.5-4.9,4.4-4.5
2427,4-5,4.5-4.9,4.6-4.7
2428,3-4,3.5-3.9,3.6-3.7
2429,4-5,4.0-4.4,4.0-4.1
2430,4-5,4.0-4.4,4.0-4.1
2431,4-5,4.5-4.9,4.6-4.7
2432,4-5,4.0-4.4,4.4-4.5
2433,4-5,4.5-4.9,4.4-4.5
2434,1-2,1.5-1.9,1.8-1.9
2435,4-5,4.0-4.4,4.0-4.1
2436,3-4,3.5-3.9,3.8-3.9
2437,4-5,4.5-4.9,4.4-4.5
2438,4-5,4.0-4.4,4.2-4.3
2439,4-5,4.0-4.4,4.0-4.1
2440,4-5,4.0-4.4,4.4-4.5
2441,3-4,3.5-3.9,3.4-3.5
2442,4-5,4.0-4.4,4.0-4.1
2443,4-5,4.0-4.4,4.4-4.5
2444,4-5,4.0-4.4,4.2-4.3
2445,4-5,4.0-4.4,4.0-4.1
2446,4-5,4.0-4.4,4.2-4.3
2447,3-4,3.5-3.9,3.6-3.7
2448,4-5,4.5-4.9,4.4-4.5
2449,4-5,4.0-4.4,4.0-4.1
2450,4-5,4.0-4.4,4.0-4.1
2451,4-5,4.0-4.4,4.0-4.1
2452,4-5,4.0-4.4,4.4-4.5
2453,4-5,4.0-4.4,4.4-4.5
2454,4-5,4.0-4.4,4.2-4.3
2455,4-5,4.0-4.4,4.2-4.3
2456,4-5,4.5-4.9,4.4-4.5
2457,4-5,4.5-4.9,4.4-4.5
2458,4-5,4.5-4.9,4.4-4.5
2459,4-5,4.0-4.4,4.2-4.3
2460,4-5,4.5-4.9,4.4-4.5
2461,4-5,4.0-4.4,4.4-4.5
2462,4-5,4.5-4.9,4.4-4.5
2463,3-4,3.5-3.9,3.6-3.7
2464,3-4,3.5-3.9,3.6-3.7
2465,3-4,3.0-3.4,3.2-3.3
