,numerical
1741,4.2
8808,4.7
8627,4.4
465,3.5
7739,4.6
8817,4.4
435,4.3
1286,4.5
3998,4.2
6120,3.4
8703,3.4
3548,4.5
104,4.7
2559,3.8
6678,4.3
3484,4.2
1664,4.5
3044,3.7
2293,4.4
179,4.3
6705,3.8
143,4.8
3609,4.3
4860,4.2
1376,4.3
8376,4.1
2373,3.7
4726,3.0
6167,4.2
4678,4.5
4934,4.4
2019,4.5
7849,4.4
3217,4.6
4378,4.3
860,3.8
2130,4.2
3147,4.3
475,4.1
2040,4.5
2586,4.7
5454,3.9
852,4.1
2543,4.7
5075,4.3
1137,4.4
3899,4.4
152,4.6
5949,4.0
1406,4.3
3078,4.1
4650,4.9
2176,4.0
5444,4.5
9116,3.2
3294,4.4
4816,4.4
5185,5.0
3133,3.5
3778,4.2
4849,4.1
1067,4.6
5201,4.3
5948,4.4
571,4.1
9132,4.3
7789,4.1
1569,4.5
6373,4.6
1338,4.6
1480,4.3
8190,4.2
8515,3.9
1551,4.2
7124,4.8
2889,4.6
5149,4.6
4972,5.0
5779,4.1
8469,4.1
1042,4.2
8024,4.2
3101,4.3
8194,4.2
1334,3.5
2603,4.2
6101,4.6
280,4.1
707,4.6
2967,4.5
3185,4.4
3141,4.3
8249,4.5
3483,4.4
605,5.0
7068,4.2
3028,4.3
4609,4.2
7484,4.4
5130,3.7
5636,3.5
3513,4.3
1892,4.5
7962,4.5
6203,4.0
6178,4.3
730,4.6
6810,3.9
5938,4.0
9314,3.9
3328,4.2
7089,4.4
8025,4.4
2573,4.5
4476,4.3
7229,4.5
8263,3.4
7803,3.2
3640,4.3
3814,4.3
1695,4.7
4591,4.5
4857,4.6
3571,3.8
3677,4.3
2935,4.5
6263,4.3
3615,3.6
636,4.8
4896,3.0
8463,4.0
1548,3.8
7879,3.1
7630,4.2
4127,3.7
5777,4.7
6749,4.4
4163,3.6
2240,3.5
3086,4.2
8932,4.4
2162,4.8
8980,3.9
3109,3.2
3896,4.5
5192,4.4
600,3.0
3746,4.4
6115,4.3
6648,4.0
3111,4.6
3728,3.9
7041,4.7
5604,4.3
6007,4.0
5934,4.4
6609,1.0
4916,4.6
8982,3.9
2691,4.5
6273,4.6
357,4.4
7999,4.5
4988,4.6
4353,3.5
8753,4.1
924,4.0
8986,4.4
6574,4.9
6439,4.5
92,4.6
4164,4.5
4556,4.6
5432,4.2
4621,4.3
2202,4.4
4571,4.7
6896,4.5
5025,4.5
9315,4.0
1000,3.6
3417,4.3
7591,4.3
4575,4.5
936,4.6
6455,4.6
6655,3.5
4993,3.9
5736,4.1
7753,4.2
8540,4.2
6625,4.3
5897,3.8
5198,4.5
5880,3.6
6390,4.1
6552,3.5
2556,4.1
8222,4.0
6882,4.1
7284,4.5
5935,4.1
3971,1.0
3633,4.0
2538,4.4
9168,4.2
1794,4.6
106,4.8
6616,5.0
1252,4.5
8747,3.0
8958,3.4
6417,4.6
6907,4.5
9151,4.9
159,4.7
968,4.7
1371,4.2
6351,4.6
3489,4.3
5705,4.2
6406,4.4
5079,4.5
5803,4.6
1465,4.3
2660,4.1
194,4.2
7416,4.4
4155,4.0
3350,4.5
2558,4.3
487,4.4
1021,3.5
6651,4.1
6578,4.2
2797,4.5
220,4.5
2045,4.0
949,4.3
6877,4.1
6063,4.7
5359,4.4
1857,4.6
4775,4.1
2388,5.0
1275,4.8
4617,3.9
4914,3.8
1336,4.5
1317,4.5
8713,4.3
2981,4.6
8336,3.8
5272,4.4
8308,4.4
304,4.2
3308,4.7
1115,4.7
3067,4.3
3634,4.1
284,4.3
2127,4.1
4570,4.7
2943,4.5
3212,4.6
3315,4.2
1150,4.6
4576,4.4
3518,4.8
4736,3.8
6392,4.4
3038,3.9
3907,3.7
5577,4.4
5954,4.3
3697,4.3
3285,4.2
3871,4.3
4365,4.2
661,4.2
4641,3.8
4872,4.5
4200,3.2
4809,4.5
7349,3.4
1832,4.3
8401,4.2
8731,4.3
6059,3.4
6607,4.5
5473,4.6
2803,4.4
6126,4.3
3994,4.4
2239,3.4
1410,4.3
9028,4.3
6775,4.1
4404,4.1
1005,4.2
3458,4.6
1588,4.2
6662,4.7
1890,4.5
3405,4.5
1187,4.3
7573,3.2
5527,3.7
4215,4.4
3446,4.1
6042,4.1
5708,4.4
4908,3.0
429,4.0
5137,4.5
2572,4.1
4342,3.9
580,4.2
2667,4.5
5227,3.8
1290,4.1
150,4.3
4195,4.6
1574,4.2
7929,4.2
7592,5.0
6891,4.2
2794,4.4
2088,4.2
1260,4.4
3346,3.9
3842,4.2
1840,4.7
513,4.1
2999,3.6
3186,4.5
9145,3.8
965,4.9
774,4.0
3003,4.3
6524,1.5
4675,4.3
1580,4.6
8181,4.4
1604,4.3
5605,4.2
2887,4.3
4714,3.6
327,4.3
7054,4.6
7435,4.2
110,4.1
1838,4.7
6236,4.7
1417,4.3
4865,4.5
4777,3.5
6156,2.8
2057,4.3
349,4.4
2905,3.5
5517,4.0
6269,3.0
3755,4.5
4013,4.3
3693,4.5
4427,4.3
7861,4.5
2950,4.5
777,4.0
818,4.4
9182,3.8
4263,4.1
4841,3.3
319,4.4
1344,4.4
361,4.4
9057,4.2
7090,4.4
5321,4.7
8445,4.6
1875,4.5
4477,4.2
9313,5.0
6272,3.1
2138,4.0
8211,4.8
5658,4.3
73,4.6
5482,4.0
2900,4.6
4380,4.3
6529,4.6
3206,4.4
4729,3.7
9067,4.0
4649,4.2
1326,4.5
1750,4.4
3297,4.3
4369,4.6
4586,4.5
3403,4.6
2252,4.0
8887,4.3
2674,4.5
1779,4.7
1159,4.1
6790,4.2
6568,4.4
4129,4.5
1714,4.4
5369,3.3
1965,4.0
4639,4.3
6066,3.7
1696,4.6
1037,4.6
1482,4.6
6343,4.3
7641,4.3
901,3.7
4423,4.2
4036,4.3
3018,4.2
2360,4.6
2532,3.8
7239,4.3
1914,4.6
3070,4.7
49,3.8
6543,5.0
8838,4.2
1416,4.7
8689,4.6
4810,3.9
459,4.3
2336,5.0
1827,4.7
897,4.0
4279,4.2
3695,4.3
5534,3.1
2581,4.4
6666,4.2
731,4.7
3759,4.2
8228,4.2
8800,4.1
1360,4.3
6216,2.8
4238,4.5
8089,4.8
8719,4.9
6385,4.6
5211,4.7
1176,4.7
3089,4.0
829,4.7
8813,4.4
2319,4.4
2316,4.2
2238,4.0
6017,4.3
9174,3.2
8981,4.1
8432,4.1
1432,4.6
1549,4.3
1935,4.5
2047,4.3
3248,4.4
5230,3.4
4978,4.1
1355,4.6
501,3.9
2327,4.4
8224,3.5
3433,3.9
4803,4.0
6979,3.5
32,4.7
4312,2.6
1963,4.5
8163,3.5
3276,4.4
4443,4.6
5791,4.0
8402,4.7
6050,4.2
1100,4.7
687,4.6
5580,4.7
4362,3.8
1147,3.3
2756,4.3
914,3.9
4368,4.6
956,4.0
7689,3.7
111,4.2
8970,4.6
4819,4.0
3606,4.6
3319,4.2
7766,4.1
4891,3.9
6587,4.9
1915,4.7
6384,4.7
3411,4.2
835,4.2
9126,4.5
5518,4.0
5367,4.8
4408,3.1
7372,4.3
9017,4.1
4071,4.1
1909,4.4
2758,4.2
6094,2.0
1158,4.0
6593,4.7
8327,4.3
4856,4.1
5336,3.9
3681,4.1
8059,4.5
6526,4.3
1738,4.3
7567,4.9
8535,4.2
2413,4.2
2554,4.6
6972,4.1
2795,4.2
5782,4.3
4196,3.9
2819,4.3
6921,4.2
5715,2.4
9352,3.8
5483,4.3
3975,4.4
189,4.3
5390,4.3
3500,4.6
4161,4.0
3696,4.7
1270,4.9
2289,4.5
4324,3.1
7496,4.2
7013,3.8
6218,4.1
1031,4.3
8123,4.2
1854,4.5
882,3.7
994,4.3
3555,3.3
2627,4.3
677,4.5
3337,4.4
5081,3.7
978,4.4
307,4.6
1116,4.7
2848,4.2
6581,4.5
9000,4.4
5330,4.0
3184,4.1
2930,4.2
997,4.1
7319,4.4
7659,4.5
6881,4.4
12,4.2
1183,4.3
6533,3.5
9153,4.8
3893,4.5
4012,4.3
7546,4.1
1385,4.1
832,3.4
9142,3.8
8524,3.9
3989,4.3
4544,4.2
446,4.6
706,4.1
2618,3.9
3538,4.4
4322,2.2
6028,4.4
5279,4.3
4971,4.6
7037,4.6
9112,3.4
9130,3.7
3027,4.2
7444,4.3
3448,4.7
6536,4.3
4859,4.4
6660,4.7
7677,4.1
3045,4.4
586,3.6
1522,4.7
4503,4.3
4837,4.7
4627,4.2
3622,4.7
7603,4.5
1829,4.5
2882,2.9
1674,4.5
8866,3.9
4210,3.9
299,3.2
1822,4.6
5505,4.1
8201,4.2
4667,4.4
5436,4.1
5205,4.0
4028,4.3
4994,4.1
2968,4.5
1768,4.3
5723,4.7
1404,3.4
4530,4.0
2883,4.0
4208,4.2
7582,2.8
702,4.3
6223,4.8
3043,4.4
2346,4.9
6187,4.4
3127,4.5
5323,3.2
2206,4.5
7607,4.7
3553,3.9
4746,3.8
1648,4.5
6942,4.1
9308,2.9
4149,4.5
8634,4.8
2271,3.0
761,4.0
1297,4.5
7570,2.5
1324,4.4
2342,5.0
2035,4.1
8677,5.0
116,4.1
7848,4.5
2650,4.5
6573,3.9
8635,4.6
9072,4.4
2689,4.5
8953,4.6
523,4.1
4720,4.3
5802,4.5
7793,4.1
8819,3.1
3843,4.6
7738,4.5
4587,4.0
2991,3.7
6697,4.6
4598,4.3
8774,3.3
363,4.3
6381,4.6
3047,3.7
5787,3.0
4824,4.5
2646,4.1
2761,4.4
4671,4.3
1179,4.6
2987,3.9
6290,4.5
310,4.4
1759,4.6
7298,4.6
8835,4.1
5981,4.3
8929,3.4
7545,4.0
3974,4.4
4042,3.7
241,4.0
78,3.9
4087,4.6
6146,4.3
9102,3.7
5645,5.0
2188,4.6
7194,4.8
8571,4.7
7411,3.3
8530,4.3
7836,4.4
5903,4.6
1698,3.1
645,3.3
4244,3.9
5578,4.1
1157,4.5
3471,4.4
2763,4.4
7478,4.5
9188,4.3
8855,3.2
214,3.8
2526,4.4
4064,4.4
4958,2.8
890,4.1
3075,4.1
6658,3.8
9303,2.7
1296,4.6
6895,3.9
5964,3.7
1693,4.2
8728,4.4
3839,4.4
5521,4.5
5091,4.4
4620,4.5
2873,4.4
8108,4.1
3666,4.6
6987,3.6
5858,3.7
4424,3.8
8768,2.7
6997,2.6
6931,3.4
7471,4.2
7571,4.7
4377,4.5
710,4.3
843,4.1
6874,3.8
5335,2.7
7615,4.2
2702,4.0
2781,4.6
1425,4.6
6586,4.4
2472,4.3
6002,3.2
4320,4.1
2922,4.4
8021,4.5
8930,4.2
6897,3.5
6848,4.3
8104,3.8
5283,4.4
663,4.4
2716,4.6
6951,3.8
2404,4.5
1789,4.4
6314,4.6
3584,4.7
9135,4.2
1864,4.3
8403,4.1
856,4.2
910,4.2
5410,4.0
5032,4.7
1054,4.5
7824,4.0
8437,4.4
6883,4.4
6295,4.0
231,4.3
6539,4.7
1354,4.2
3306,4.1
598,4.8
2759,4.5
45,4.2
1300,4.2
6279,4.4
4911,3.9
4699,1.9
9033,4.1
1976,4.3
7562,4.4
8125,4.5
8962,4.5
4933,4.7
8287,4.3
1135,4.3
771,4.2
2497,4.1
1589,4.2
4294,4.3
723,4.5
4963,5.0
3093,4.4
5286,4.6
7365,4.3
5000,3.6
950,4.5
7427,4.1
2807,4.5
3336,4.2
3031,4.3
4038,3.9
1614,4.4
4059,4.3
7733,4.6
8316,4.2
7351,4.5
4212,4.4
4011,3.1
5448,3.0
5956,4.1
6930,4.7
1958,4.4
2507,4.4
1853,4.7
6517,5.0
4234,3.9
2067,4.4
547,3.7
6402,4.1
6816,3.2
8303,4.3
3022,4.3
83,4.4
737,4.5
7523,4.0
3619,4.4
2248,3.8
784,4.3
2452,4.2
6521,4.4
2320,4.4
6802,4.3
4008,3.0
8789,4.4
8464,4.7
9051,4.3
3535,3.9
4922,4.0
7497,4.2
2846,4.6
1321,4.5
2189,4.2
9351,4.6
4747,4.0
8864,4.6
951,4.0
441,4.5
6123,4.5
7097,3.8
7136,4.5
8433,4.6
1288,4.6
3938,4.5
4907,3.8
6411,2.2
5641,3.4
3628,4.0
6825,4.3
1705,4.3
8299,5.0
3307,4.5
4412,4.4
9031,4.8
1160,4.5
2856,4.5
2157,4.3
8415,4.4
5823,4.9
4493,3.3
3586,4.5
7802,3.9
2729,4.3
3694,4.8
1872,4.5
6498,4.1
6082,4.6
544,4.2
7563,3.7
203,4.1
8591,4.3
1192,4.9
9187,4.7
3766,4.5
8781,3.5
316,5.0
7774,3.4
1358,4.4
72,4.8
8460,4.3
3496,4.5
4921,4.6
2828,4.3
8481,4.5
4025,3.8
4171,4.3
884,4.2
6582,4.4
1531,4.6
2748,4.1
7988,4.5
250,3.8
94,4.4
3118,4.4
5339,4.5
3565,4.3
6078,5.0
6426,3.8
4751,4.4
3768,4.3
5993,3.7
5529,4.4
1065,4.4
5320,3.8
8938,4.8
2515,4.6
5468,4.3
4552,4.1
7612,4.7
3503,4.2
3389,4.4
3635,4.6
1616,4.5
2551,4.4
5324,4.5
424,4.2
4762,4.1
9156,4.9
4784,4.0
2946,4.4
8626,4.3
6602,4.6
3223,4.7
6744,3.6
1820,4.4
4093,4.4
9356,4.5
8496,3.4
8998,4.1
8702,4.5
5615,3.9
684,4.7
3162,4.5
514,4.2
4122,4.3
2604,4.3
6441,3.8
688,4.5
773,4.7
300,3.2
810,4.6
7866,4.2
7507,3.9
3230,4.6
4701,3.4
5178,4.4
8730,3.7
462,4.3
614,4.1
8178,4.3
3970,4.2
1132,4.6
2026,4.4
1731,4.3
510,4.2
3592,4.0
6501,5.0
2841,4.6
1784,4.2
7433,4.4
7397,4.5
5167,4.5
4255,4.0
3083,4.5
7577,3.2
8673,4.2
5895,4.5
2208,4.6
8253,4.2
88,4.5
2398,4.6
2818,4.2
5965,3.5
3846,4.7
7688,4.2
2735,4.0
4054,4.6
3199,4.1
1093,4.3
144,3.9
3017,3.7
4843,4.2
5554,3.7
2229,2.7
4339,4.5
7238,3.8
6201,3.5
3576,4.5
1266,4.4
2109,4.4
671,4.4
8470,4.3
3611,3.9
582,4.0
8984,4.3
1921,4.3
1400,4.5
4264,4.4
8869,5.0
2184,4.2
4221,4.3
7707,4.2
3769,4.6
4663,3.4
1772,4.2
798,4.9
6053,4.6
4017,4.2
2273,3.7
206,4.4
1218,4.2
3775,4.3
8042,4.7
855,3.9
5381,4.7
2477,4.3
4512,4.6
4152,4.2
8436,4.4
8273,2.9
2153,4.1
3048,4.4
3928,4.6
7022,4.5
695,4.4
8214,4.2
6767,4.5
3805,4.3
4162,4.0
8675,4.0
4740,4.2
124,4.0
1861,4.3
3122,4.2
4607,4.4
3215,4.4
7415,2.8
5214,3.8
8096,4.6
3176,4.2
2220,4.0
6148,4.3
8269,4.0
142,4.6
8204,4.3
4426,3.7
4687,4.7
5104,4.6
4145,4.3
1228,4.5
2700,4.5
64,4.0
5737,4.9
8054,4.5
5905,4.7
1726,4.5
6827,4.3
2608,4.5
732,4.6
6034,4.2
794,4.5
1277,4.7
2255,4.7
6820,4.4
6052,4.1
7303,2.4
3041,4.4
3401,4.6
583,4.2
1957,4.4
700,4.1
2737,4.3
1801,4.3
7655,4.3
2984,4.0
1459,4.2
6782,4.2
4015,4.5
5884,4.0
3822,3.9
6611,4.1
505,3.9
509,3.8
743,4.3
6226,4.3
625,4.4
1995,4.5
6089,3.9
3021,4.7
4690,3.5
6316,4.8
4484,4.2
4507,4.2
6062,4.0
2500,4.2
7885,4.1
1253,4.4
286,4.6
4882,4.3
4970,5.0
1427,4.1
4178,4.4
1610,4.5
6202,4.5
7186,3.6
9225,4.5
1635,4.6
343,4.4
8770,2.3
1403,4.7
7145,4.6
998,4.7
7193,4.7
2338,5.0
8301,4.4
854,4.2
4313,4.1
2464,3.6
70,4.2
6576,3.5
6347,4.7
2925,4.5
1682,4.4
8743,4.9
5251,4.5
5698,2.2
1587,4.3
4104,4.1
158,4.6
2945,4.5
4041,4.6
2171,4.4
9226,3.9
2347,5.0
6023,3.7
4271,3.9
7012,4.3
5932,4.8
912,4.0
7692,4.7
5455,4.8
6113,4.3
5246,3.6
4425,4.5
6687,4.3
379,4.4
1503,4.6
5865,3.3
6232,4.8
3732,4.8
1863,4.2
4037,4.3
5355,3.8
4492,3.8
1902,4.4
5611,4.3
894,4.1
2845,4.0
1255,4.4
186,4.5
5881,4.5
8772,4.1
665,4.5
2178,4.3
3451,4.0
6514,4.4
3644,4.0
4217,4.8
84,4.3
4209,4.1
3351,4.4
869,4.2
1094,3.9
5280,4.5
312,3.3
5048,2.9
1554,4.1
295,4.7
2113,3.6
6614,4.8
5376,4.6
7291,3.7
3056,4.4
1897,4.3
1337,4.2
6039,4.4
4101,4.7
3864,4.5
6709,2.6
5565,4.4
4026,2.9
3293,4.3
873,4.2
2403,4.1
2092,4.7
5282,4.3
2783,4.3
4646,4.3
4043,4.0
8484,4.7
2395,2.8
4611,4.6
8652,3.5
101,4.2
5058,4.0
797,4.1
8959,4.5
8639,4.1
4332,4.6
496,4.1
7052,4.3
9065,4.2
6296,4.3
1223,4.5
7752,4.2
5668,4.2
6620,2.9
1508,4.7
2555,4.5
3708,4.4
5044,4.0
415,4.2
6013,3.6
2282,4.5
1002,3.6
6927,3.7
2152,4.6
5612,4.6
6222,4.1
721,4.4
230,3.8
3509,4.2
8983,4.0
2046,4.1
6947,4.3
6486,4.4
2301,4.1
2774,4.4
1743,4.2
8275,4.5
5920,4.3
5852,3.6
6060,4.4
2230,4.2
830,4.5
2575,4.6
3207,4.1
6054,4.6
7253,4.8
6408,4.4
7961,3.9
5331,3.1
1575,4.4
3698,4.2
3296,4.4
4157,4.6
4070,4.2
3957,4.6
9176,4.0
8179,4.6
3795,4.5
533,2.5
4842,4.1
4473,4.2
6649,4.2
6069,5.0
9092,4.5
6964,3.9
1485,4.3
584,4.5
373,4.0
7353,4.3
7969,4.5
5719,4.0
4481,4.4
3241,4.4
4291,3.6
812,4.3
3701,4.5
4716,4.0
8767,4.2
8997,3.5
8936,4.4
5735,5.0
225,4.2
3816,4.5
4175,4.4
3919,3.9
6503,4.3
8143,5.0
5399,4.2
4000,4.6
5304,4.6
4389,4.6
1555,4.0
2332,5.0
778,4.5
7996,4.2
3714,4.2
51,3.9
7142,3.0
6713,2.8
3273,4.1
940,4.6
8122,4.1
5556,4.0
3034,4.1
6111,4.5
8413,4.6
532,4.5
3311,4.4
3090,4.2
1495,4.3
147,4.1
4213,3.4
2008,4.1
2517,4.2
8395,4.4
3340,3.1
4583,3.9
115,4.1
3338,4.7
476,3.1
5413,3.8
1299,4.4
3393,4.4
611,4.5
5327,3.7
8146,4.1
463,4.2
4833,3.9
3420,4.4
4438,3.2
6387,5.0
325,4.3
6077,4.3
6676,4.1
6984,2.3
5311,4.1
8416,3.6
5958,4.7
464,2.6
3309,4.3
3885,4.3
6923,4.3
7458,4.3
3780,4.5
943,3.9
7768,4.3
2904,4.0
711,4.7
1590,4.5
5896,5.0
4899,4.0
8732,3.4
1063,4.1
402,4.4
3550,4.5
2421,4.6
1560,4.6
2328,3.8
8371,4.0
8517,3.7
7704,4.6
5864,4.1
7798,3.8
3113,4.6
3529,4.6
2916,4.6
2007,4.7
811,4.2
753,4.7
8124,4.4
1359,3.7
8193,2.4
3014,4.8
8321,3.5
2676,4.5
7772,3.7
1991,4.6
6099,4.7
6161,4.6
381,4.2
2021,4.2
4536,4.4
1217,3.9
8945,4.6
8841,4.4
4513,4.8
8788,4.3
7900,4.5
3151,4.3
9208,3.7
202,4.4
8281,3.2
4763,3.3
184,3.9
1987,4.6
1163,4.5
5860,1.0
3800,3.8
3551,4.3
4321,4.8
2381,3.8
8061,4.5
9084,3.8
5869,4.0
8532,4.2
1230,4.6
4832,4.0
5001,4.3
5666,4.3
6721,4.6
6585,3.3
3818,4.5
7844,4.4
1745,4.7
524,4.2
175,4.4
4467,3.5
6090,4.4
1070,4.1
6205,4.7
3412,4.5
9259,4.6
3647,4.0
4577,4.5
6081,4.2
105,4.7
3408,4.3
1175,3.6
5329,4.1
2677,4.5
1168,4.4
4031,4.4
5986,5.0
1836,4.3
8298,4.4
5380,4.1
7548,4.2
4393,3.7
3057,4.4
9086,4.2
1742,4.0
160,4.5
8837,3.5
2624,4.5
1667,4.4
4063,2.8
7780,4.1
2693,4.6
9159,1.5
6033,4.4
3704,4.2
3876,4.2
4707,3.9
8657,3.9
9064,5.0
8100,3.7
2297,4.1
5593,4.4
6093,4.2
4805,4.1
3126,3.9
1906,4.4
7842,5.0
7016,3.9
5305,4.0
5260,3.5
5572,4.2
322,4.0
223,4.8
8826,4.1
5242,4.2
3753,4.4
3776,4.3
6404,3.3
6794,4.1
8611,4.3
3600,4.1
511,2.5
6410,4.1
3399,4.0
216,4.3
1505,3.9
1201,4.8
2725,4.2
921,4.0
2890,4.4
3767,4.5
317,4.4
1933,4.4
4574,4.3
4371,4.1
2072,4.1
3383,4.3
2939,4.4
4881,5.0
1618,4.3
3250,4.8
896,3.8
2071,4.3
6087,3.8
5947,4.3
1798,4.7
396,4.2
1622,4.4
222,4.7
3531,4.3
7511,3.1
2041,4.1
5758,4.0
2579,4.3
2868,4.2
9029,4.5
4436,4.7
7915,4.2
1415,4.5
5509,3.9
8924,3.8
3988,4.5
3734,4.5
7536,3.8
733,4.4
4057,3.9
191,4.2
8881,4.3
915,4.5
8629,4.7
8430,4.5
290,3.9
5848,4.2
3462,3.8
3395,4.6
2659,4.7
2621,4.3
4185,4.3
301,4.1
7024,3.5
3216,4.5
8715,4.4
5783,4.5
6784,4.6
1057,4.7
3378,4.2
2324,4.0
8710,3.7
41,3.8
8815,4.4
5984,4.5
6297,4.5
2895,4.2
7385,4.3
4656,4.7
282,4.4
4268,3.8
3024,3.1
7895,3.5
5657,4.6
7242,4.9
6432,3.9
8212,4.2
7075,3.7
114,4.0
3361,4.5
1458,4.6
2741,4.4
4132,4.7
232,3.8
8596,4.4
7942,4.9
7965,4.7
5836,4.6
85,3.2
926,4.2
8651,4.2
6522,3.4
474,4.0
8620,4.4
4413,4.4
567,4.2
2288,4.7
2511,4.0
7773,3.8
4527,2.5
2334,3.7
8778,3.5
4901,3.8
2591,4.6
4110,4.3
2420,4.6
7758,4.5
2231,4.7
7964,4.5
8198,3.4
6247,4.1
4705,2.6
4509,4.3
5936,4.2
1282,4.6
6944,4.6
1128,4.2
3940,4.3
4793,4.2
7201,4.5
7469,4.7
3149,4.7
1169,4.6
4719,2.4
6610,4.6
8777,2.9
4680,4.6
2906,4.0
4085,4.2
7649,4.6
7009,3.7
5409,4.1
7033,3.6
7095,4.4
2592,4.2
4410,3.7
8245,3.9
3979,3.7
2793,4.3
9114,3.0
9039,4.1
2261,4.7
8006,4.9
3461,4.1
4500,3.8
2928,4.7
4272,4.0
4510,4.7
1760,4.5
4103,3.9
7383,4.2
4724,4.1
5590,3.7
5348,4.1
2644,4.0
7863,4.4
2506,4.3
2305,4.5
2306,4.3
3469,3.9
6378,4.5
3737,3.3
7152,4.2
8608,3.9
5546,3.9
7151,4.2
87,4.6
2942,4.6
3825,4.5
3821,4.6
2103,3.6
8633,4.2
2666,4.1
5239,3.0
4403,4.6
7030,5.0
6619,5.0
4795,4.3
3036,4.4
7019,4.6
7921,4.6
3568,4.2
7716,3.8
7374,4.3
4703,2.5
4363,4.1
5196,4.6
2085,4.8
8814,4.6
922,3.9
369,4.0
8989,4.8
5767,4.1
9233,4.6
1974,4.5
7207,5.0
7868,4.5
3717,4.5
7126,4.5
2519,4.6
8029,4.5
8857,4.3
6294,4.5
3449,4.4
7045,4.3
3652,4.0
4727,3.0
1182,4.5
8582,4.3
7086,4.3
6836,4.4
5982,4.4
7029,3.4
9165,4.7
2641,4.3
4618,4.7
8251,4.4
3964,4.9
8721,4.6
6807,4.3
6889,4.4
8893,4.2
5092,4.7
2137,4.3
1860,4.5
8574,4.2
3456,4.2
6418,4.4
5729,4.6
1676,4.3
1807,4.4
7137,3.7
8033,4.2
6027,4.3
506,3.4
7777,4.7
3636,4.1
3574,4.1
4447,3.4
5549,4.5
27,4.1
8268,3.9
2550,4.6
3413,4.0
1636,4.7
9287,3.5
6748,4.4
4027,4.5
3545,3.1
1038,4.6
2796,4.4
1931,4.4
7742,4.5
6009,4.1
5069,4.7
6691,3.6
8047,4.4
1166,4.3
3419,4.2
5315,3.8
6684,2.7
6181,3.9
4156,4.1
205,4.5
694,4.4
3428,4.1
3259,4.0
3729,4.4
7578,3.5
2295,4.2
3872,4.2
1028,4.8
772,4.4
8313,3.8
4052,4.5
2944,4.4
2707,4.4
4186,4.9
34,4.7
7971,4.6
4226,4.4
7449,3.8
1781,4.7
2933,4.1
2310,4.1
3918,4.4
4022,4.3
6851,4.6
7430,4.7
4733,3.6
8152,4.0
3912,4.4
5888,4.2
3370,4.3
5613,4.7
8739,3.8
4060,4.2
2366,4.4
4828,4.7
1468,3.2
792,4.6
4440,4.1
9157,3.8
8462,4.4
6772,4.3
5939,4.4
4612,4.5
5904,4.6
727,4.3
4515,3.8
3997,4.4
1899,4.7
6177,4.5
9048,3.6
7914,5.0
5241,3.8
2185,5.0
7792,3.4
2186,4.1
4386,4.4
8405,4.6
1632,4.4
5567,3.6
3466,4.0
7465,3.8
368,4.4
1541,4.4
8234,3.7
3363,4.3
8564,4.4
5667,4.4
1835,4.5
6463,4.2
5460,5.0
1856,4.7
1262,4.4
1962,4.5
2809,4.4
3314,4.3
2100,3.6
2089,4.2
4049,4.3
3380,4.4
2163,4.5
409,4.2
2929,4.6
8315,3.8
4235,4.2
8272,3.4
7650,4.4
1603,4.1
5928,4.3
1444,4.4
1087,4.1
2728,4.3
8658,4.3
2998,3.0
6024,3.9
1713,4.8
3676,4.0
5600,3.9
3761,4.5
8294,3.3
246,4.2
8162,3.1
3950,4.4
4287,3.9
3954,4.2
5423,4.6
6608,4.2
2032,4.2
8255,4.1
9124,4.3
3645,4.2
2812,4.3
7686,4.6
2312,3.5
1170,4.1
7613,4.4
871,3.9
7094,4.4
7647,4.2
8246,4.1
941,4.5
2578,4.7
870,4.0
3557,4.5
2455,4.2
7589,4.6
3310,4.4
6631,4.7
5785,2.9
1330,4.0
8617,4.3
6452,4.8
6271,3.7
1294,4.8
5207,4.6
54,4.4
5254,4.3
6288,4.3
168,4.9
5424,4.0
1671,4.5
1673,4.4
4917,3.6
8221,4.1
5535,5.0
4014,3.8
8134,4.7
2969,4.4
449,4.2
5899,5.0
4034,4.2
1672,4.6
2921,4.2
7513,4.1
6617,4.6
6600,3.0
1029,4.5
1304,4.0
3092,4.1
2457,4.1
9002,3.1
7906,4.6
1581,4.4
4430,4.2
2563,4.1
8248,4.5
6981,3.8
9282,4.2
2177,5.0
2099,4.4
8238,3.7
6538,2.6
198,3.1
4864,4.0
3809,4.1
3569,3.5
6079,5.0
1447,3.8
5364,4.3
426,4.4
3479,4.5
3760,4.4
8745,4.1
6534,4.3
5609,1.4
268,4.5
5003,4.1
9173,3.6
2323,3.7
1851,4.6
4409,3.9
8660,3.8
1656,4.4
26,3.9
7250,4.0
1152,4.6
2835,4.3
5449,3.1
3541,4.2
3713,3.5
7814,3.9
2982,3.9
2401,3.5
6168,3.9
8860,2.2
4325,3.1
1375,4.5
748,4.5
5373,2.3
3906,3.3
1293,4.5
2083,4.7
288,4.7
4799,4.3
6136,4.9
7286,4.3
8258,3.9
5989,4.5
8784,4.2
4286,4.4
4981,3.9
1203,4.5
2908,4.0
8372,3.1
5545,4.0
995,4.2
7437,4.1
4091,4.2
2523,4.3
118,4.6
6209,3.9
9338,4.2
3262,4.3
4432,4.0
4754,3.9
7261,4.0
2960,4.5
3977,3.4
9227,4.3
9119,4.2
3956,4.3
3689,3.7
3980,4.1
6797,3.4
2030,4.3
7902,3.9
5060,4.3
3641,4.2
1694,4.5
7069,4.6
2281,4.4
5761,3.7
573,4.4
9251,4.2
1273,4.1
8971,4.9
5237,3.7
1594,4.7
3984,4.2
3886,4.2
5726,2.7
3354,4.4
3784,3.4
6041,3.9
8264,4.3
278,4.7
1206,4.5
3305,4.2
6341,4.7
9117,4.1
1993,4.3
5236,4.1
7892,3.7
709,4.7
6307,3.7
5634,3.8
1062,4.6
5342,3.8
2975,4.4
8444,4.0
1303,4.6
7690,4.7
5702,3.9
6946,3.1
2272,4.5
1200,4.8
1369,4.8
1711,4.2
5655,5.0
1606,4.6
371,4.0
146,4.2
311,3.5
1640,4.5
395,4.4
6121,4.5
4929,4.0
7323,4.3
6512,2.8
5055,4.1
7466,4.7
6097,3.6
8671,5.0
2862,3.9
2016,4.2
5337,3.8
8373,3.4
8424,4.1
4336,3.9
7328,1.4
3962,4.4
8913,4.2
8398,4.5
4327,3.8
4345,4.1
849,4.3
2557,4.4
838,4.2
3301,4.1
128,3.7
2257,3.6
6461,5.0
6396,4.6
4528,4.2
963,4.4
2399,4.2
8735,4.2
3788,4.6
1323,4.4
4658,4.8
1244,4.6
3804,4.4
455,4.1
6980,4.3
1466,3.7
1532,4.7
5404,4.1
1118,4.7
3418,4.6
8474,4.2
3853,3.6
3913,4.2
982,4.8
6308,4.7
1913,4.6
7837,4.5
4394,3.7
8541,4.1
8783,4.2
5868,4.7
2095,4.1
6886,4.3
6021,4.1
8946,4.3
2747,4.6
3407,4.4
6849,3.6
5871,4.6
6,3.8
3121,4.1
3504,3.9
2027,4.3
5354,4.0
8586,4.6
7819,4.8
6989,4.3
5874,4.3
8572,4.3
3277,4.1
5587,4.6
2330,4.3
1556,4.2
8220,4.4
1973,4.5
3581,4.3
5458,4.5
3859,4.5
2105,4.3
4181,4.4
7198,4.0
7134,4.3
7003,4.0
2799,3.8
1196,4.4
5284,4.3
8434,4.3
5379,4.3
4505,4.7
8650,3.6
4317,4.4
1302,4.3
9041,3.9
8367,4.3
2371,4.0
6005,4.7
8118,3.9
4257,3.9
7281,3.3
7864,4.3
399,4.4
1712,4.5
3739,3.8
2855,4.0
6976,3.1
8922,4.3
8121,3.5
3332,3.9
9326,4.1
4491,4.1
962,4.6
8077,4.5
1950,4.2
1926,4.2
2638,4.1
7566,2.8
5692,4.4
5560,3.7
4166,4.3
2843,4.0
7596,5.0
344,3.6
5063,3.9
5094,4.9
2600,4.2
1858,4.4
9088,4.3
5746,5.0
2827,4.3
7932,4.4
7499,2.8
6196,3.8
6652,5.0
7005,4.7
6949,5.0
9181,4.4
6791,4.7
183,4.3
4817,4.7
3464,4.8
5775,4.3
3515,4.3
3454,4.4
5226,4.0
6945,4.4
7821,4.0
8380,4.8
4883,5.0
3546,4.6
19,4.0
3845,4.6
9285,3.9
4260,4.1
3782,4.6
7273,4.1
2259,4.1
1422,4.0
5317,4.3
8446,4.5
3254,4.1
193,4.2
7113,4.3
7254,3.5
1896,4.4
5662,4.1
6364,4.7
1884,4.6
2570,4.3
8820,4.3
5395,4.3
8254,4.1
6184,3.9
5878,4.0
5417,4.7
8897,4.0
4854,4.6
1225,4.5
1279,4.3
1391,3.7
5631,4.1
1529,4.2
5053,4.4
6961,4.2
1728,4.4
2225,3.5
4737,3.7
4657,4.5
7455,2.5
4578,4.6
782,4.3
4554,4.7
2020,4.1
3947,4.3
8707,4.3
7974,4.2
6369,2.7
1174,4.1
7506,3.2
3139,4.0
2534,3.6
1251,3.9
2091,4.7
204,4.1
7357,4.0
594,2.7
824,4.4
2535,4.2
9281,4.1
1930,4.5
8824,4.2
4448,4.2
3894,4.5
4802,3.9
5633,4.1
5867,4.3
2158,4.2
8802,2.7
1980,4.4
6604,4.3
3813,4.3
2518,4.3
1521,4.1
355,3.9
8191,4.3
2668,3.6
780,4.3
4779,4.6
1035,4.6
6281,4.1
3669,4.4
5738,3.0
8949,4.5
4096,4.6
1365,4.6
8552,5.0
713,4.6
1576,4.6
5953,4.7
6175,4.5
6563,5.0
2405,4.3
8665,1.9
8590,3.8
1149,4.6
8810,4.7
6450,5.0
3341,4.4
5987,4.9
6004,4.2
69,3.6
7309,3.0
2358,4.7
6287,3.9
8133,3.9
7210,4.5
3596,4.5
2504,4.0
5181,4.5
5898,4.4
2653,4.1
2864,3.9
7872,4.3
6647,3.8
1209,3.9
8850,4.1
8325,4.8
7934,2.7
4935,4.4
7940,4.3
3943,4.6
2308,4.8
2426,4.3
5347,4.7
6245,4.7
8149,5.0
4251,4.0
2051,4.1
7530,4.5
7127,4.8
8624,4.5
4563,4.7
436,4.5
8013,4.2
1988,4.1
8450,4.9
4073,4.4
3772,4.3
892,4.5
4798,4.2
5386,4.2
149,4.2
8465,4.2
1443,3.9
3828,4.1
7077,4.6
9166,4.6
4948,4.5
3963,4.3
1204,4.4
2345,4.3
1871,4.5
4094,3.2
9045,3.7
8587,4.0
472,4.4
8519,4.3
1001,4.0
3854,2.0
1402,4.4
4830,4.3
7325,4.2
1686,4.3
2326,4.6
690,4.6
9003,4.5
3986,4.5
5745,4.8
6112,4.8
8305,3.8
1134,4.1
164,4.2
2384,3.6
5596,4.5
4780,4.6
1153,4.0
3081,4.4
7817,4.3
4584,4.0
983,4.6
3050,4.4
5644,4.4
8543,3.7
3390,4.2
8458,4.0
6682,4.0
6577,4.4
8230,3.4
7984,4.6
8801,2.5
1782,4.4
8773,2.9
9332,4.6
8056,3.9
3987,4.2
8482,4.6
8471,3.5
1049,4.6
1905,4.4
8168,2.9
603,5.0
8898,4.3
6142,4.6
8476,4.3
9325,4.0
5946,4.3
8951,3.7
3711,4.4
1462,3.9
276,4.5
3700,4.6
5485,4.3
8498,3.8
7741,4.6
4020,3.3
7661,4.7
2541,4.3
6465,4.5
3865,4.0
258,4.1
1678,4.7
9078,3.9
5979,5.0
976,4.5
5425,3.8
8669,2.7
722,4.0
3758,4.5
1994,3.8
8937,4.4
4114,4.1
2837,3.9
2732,4.3
1865,4.5
3154,4.5
2397,4.2
5212,4.6
3844,4.5
740,4.7
657,4.6
3343,4.5
2355,4.7
8940,4.3
6900,4.4
1982,4.6
5555,4.2
270,4.0
3065,4.4
5220,4.4
2963,4.4
3482,4.3
3678,4.4
4764,4.2
2374,4.3
7812,3.3
500,4.1
2299,4.1
5434,3.7
2696,4.3
7,4.1
3811,4.4
7990,5.0
5097,4.2
4602,4.2
2567,4.1
1898,4.7
8679,3.7
2363,4.5
1075,4.1
6315,2.9
1131,4.5
2075,4.6
4126,4.1
6344,4.2
8064,4.3
4023,4.2
8290,5.0
3189,4.1
834,4.3
9062,4.5
1833,4.5
2932,4.1
5277,2.4
1155,4.5
6108,5.0
7815,4.6
7870,4.3
7491,4.6
2749,4.0
7575,3.9
2379,5.0
1811,4.6
655,4.6
4870,3.9
356,4.2
6211,3.6
7100,4.4
3904,4.3
6388,4.4
8087,3.3
3358,4.5
99,3.9
5520,4.7
1621,4.4
3742,4.5
5334,3.7
3802,4.5
7580,2.4
8053,4.4
1601,4.4
8176,4.2
4826,3.5
4446,3.1
3823,4.1
2175,2.5
588,3.5
8466,4.5
6867,3.6
7944,4.9
3203,3.5
7975,4.2
6505,4.8
5706,3.6
6762,4.2
5910,4.9
4679,4.8
8423,4.5
383,4.2
2022,4.1
6419,4.5
7980,4.0
3824,3.3
3806,2.9
2494,4.2
4434,4.2
5293,4.2
5464,3.8
8392,4.6
3891,4.6
8621,4.2
6098,3.7
7585,5.0
1237,4.4
5717,4.2
1493,4.4
8353,4.1
8177,5.0
5776,3.9
927,3.8
2386,4.3
2784,4.2
8157,3.6
893,4.0
597,5.0
215,3.9
1725,4.1
2098,4.4
3396,4.2
6195,3.4
958,4.4
681,4.2
6319,4.2
5630,5.0
2058,4.4
171,4.4
5306,4.0
8676,3.1
8636,4.5
5588,4.3
4920,4.2
928,4.0
1502,4.3
4846,4.3
7978,5.0
8666,3.6
9193,4.2
2997,3.7
1945,4.7
2800,4.3
3527,4.4
8549,3.9
8933,4.2
5828,3.9
4940,3.0
3474,4.8
7558,4.7
6787,4.5
8919,4.3
2181,4.3
2087,4.8
7144,4.4
5326,3.6
562,3.4
1523,3.9
7859,4.5
2751,4.2
1984,4.2
7209,4.7
2898,4.1
1969,4.5
9018,4.4
6870,5.0
2182,4.4
8045,3.6
8365,3.7
889,4.1
3624,3.9
4904,3.4
7316,4.2
2256,4.9
7949,4.3
7869,3.8
411,4.3
2094,4.5
8955,4.1
1349,4.1
6280,4.4
6556,4.1
4429,4.1
1920,4.6
1083,4.3
6471,4.6
1392,4.2
7998,3.9
491,3.6
2951,4.0
6774,4.6
1735,4.5
8661,4.1
7907,2.9
2669,4.5
1272,4.3
7958,5.0
8229,3.8
9275,5.0
5539,4.8
920,4.1
3115,4.6
5402,4.2
557,4.4
1198,4.7
9042,4.1
7218,4.2
3533,4.3
6420,3.4
3103,4.1
4328,4.3
3402,4.4
5701,4.3
9248,4.4
2724,4.4
2954,3.9
8545,3.8
8015,3.6
6088,4.1
3740,4.5
7945,4.3
6204,3.6
7865,4.4
2771,4.4
7373,4.5
5597,2.3
5345,4.4
1144,4.5
4461,4.6
2170,4.4
2593,4.6
5252,2.8
2107,4.4
5819,4.0
6988,5.0
238,4.1
1077,4.6
2013,4.3
6284,4.1
1472,3.8
2264,4.3
750,4.0
1190,4.8
4051,4.5
5421,2.9
1862,4.4
9213,4.7
2775,4.3
3642,4.3
1101,4.4
2344,5.0
5913,5.0
9265,4.1
326,4.4
2790,4.7
2370,4.5
8712,3.7
2688,4.2
5443,5.0
2244,4.2
3280,4.1
7671,4.7
4123,4.8
1499,3.7
6324,4.3
2661,4.6
5639,3.3
6474,4.6
6640,4.1
461,4.2
7067,3.9
1350,4.2
3881,4.3
374,4.1
7431,4.5
7331,4.3
5462,4.7
2601,4.2
24,4.7
2151,4.2
1737,4.1
755,4.3
6477,4.6
2884,4.5
1442,4.1
7509,4.1
2609,4.3
3908,4.5
2415,4.4
473,4.2
5476,5.0
4356,4.8
4245,4.1
1570,4.5
3832,4.3
294,4.5
4759,4.5
4494,4.5
5083,4.3
3690,4.3
6256,3.5
2722,3.9
1434,4.5
8400,4.5
7044,2.0
615,1.9
4542,4.0
7680,4.1
4965,5.0
9311,4.0
8782,4.6
5724,4.4
3620,4.1
5610,3.3
3131,4.3
8266,4.1
9171,4.6
2685,4.4
6688,4.1
6572,4.3
4229,3.8
4148,4.6
9010,2.8
738,4.2
5601,4.4
3386,4.3
7560,4.3
4246,4.6
2978,4.0
3851,4.5
5216,4.6
8132,4.6
4202,2.4
2318,3.1
6546,4.7
2410,4.3
5105,4.4
537,4.1
538,1.9
7108,4.3
7425,5.0
7422,3.0
7453,4.2
833,4.2
7125,4.4
5995,4.2
703,4.3
6722,4.7
2283,4.5
382,4.4
5764,4.4
4387,4.0
390,4.2
6262,2.2
2304,4.0
6911,3.9
1697,4.5
8357,4.1
3786,4.4
1016,4.5
8379,3.9
8751,3.3
6922,4.4
5996,4.0
372,4.3
3995,4.6
5909,3.6
1312,4.4
6197,4.5
5396,1.7
3848,4.7
7917,4.5
2708,4.5
3566,4.6
2122,4.1
825,4.3
8557,4.1
3716,4.0
8818,4.6
8516,4.4
8239,4.2
4732,3.7
1758,4.4
378,4.1
5774,4.3
5675,4.3
4514,4.6
155,4.1
8164,3.6
3229,4.4
7223,4.6
420,4.4
8622,4.3
3607,4.5
4355,3.3
3730,4.6
3414,4.2
5215,4.6
1095,4.1
5755,3.9
908,3.7
4082,4.4
80,4.0
2335,3.7
7834,5.0
8508,4.4
8563,4.1
7032,4.8
6083,3.8
841,4.4
2368,4.5
4259,4.2
4053,4.1
5720,2.6
7667,4.2
3785,3.8
6845,3.7
437,4.0
405,4.5
7620,4.3
8796,4.0
4373,4.1
2813,4.0
8522,3.5
5978,4.9
3646,4.3
1535,4.0
7626,4.0
5972,5.0
7676,4.5
3991,4.2
8101,4.0
7036,4.5
8878,4.3
4931,4.5
8144,4.6
2488,4.2
9256,4.5
2583,4.1
8700,3.5
8544,4.7
7079,4.4
477,4.4
172,4.4
8003,3.0
8317,4.5
8935,4.6
9293,5.0
2093,3.9
3225,4.3
953,4.5
8507,4.7
5047,4.1
2382,3.0
4681,4.2
5629,4.2
4807,4.2
3870,4.6
7660,4.5
1848,4.6
1633,4.6
3170,4.4
6823,4.7
2129,4.1
820,4.0
1592,4.5
9070,2.5
4718,1.7
4392,4.4
7670,4.2
5749,3.8
3435,4.6
872,4.0
1471,4.0
1448,4.6
2233,4.5
1722,4.6
8963,4.5
412,4.1
935,4.3
3719,3.9
8300,4.3
1245,4.5
4417,4.5
5543,4.9
6036,3.6
2215,4.8
5387,4.5
469,4.1
7972,4.2
2034,4.3
5709,2.6
742,4.6
7243,4.3
9007,4.6
2037,4.5
2851,4.0
6690,4.4
6680,5.0
4540,4.2
8030,4.1
1968,4.5
6793,4.5
8208,4.2
2635,4.2
3177,4.2
3757,4.5
898,4.2
558,4.3
3878,4.6
4360,4.7
3833,4.1
7350,3.1
7559,3.9
6074,4.0
3105,4.6
2670,4.7
1112,3.6
2044,4.4
2671,4.7
6605,4.2
249,4.0
5190,4.6
1199,4.6
7636,4.3
4433,4.4
7215,4.3
7439,4.2
8451,4.0
7011,4.1
3119,3.1
7267,4.2
6992,4.7
5970,4.5
6719,4.7
4075,4.2
3281,4.6
8291,4.1
4236,4.6
7948,4.3
3372,4.5
1910,4.6
609,5.0
2866,4.3
4309,4.4
576,4.1
7143,5.0
6270,4.8
255,4.3
5784,4.6
4637,4.1
6135,1.9
418,4.3
1513,3.7
273,4.2
5922,4.0
8492,4.6
1773,4.7
1809,4.5
7541,4.3
5203,4.2
2637,4.0
5940,4.2
353,4.4
7685,4.1
1685,4.7
4778,3.8
3879,4.5
9279,3.6
2926,4.1
1607,4.3
6717,5.0
8250,3.3
8647,3.4
6274,2.9
8570,4.2
1850,4.3
9239,2.9
4198,4.2
6049,4.5
7244,5.0
7482,4.3
8724,3.9
376,4.2
5704,4.2
9270,4.2
8375,4.2
4932,4.3
4643,3.8
7334,3.8
8623,4.6
2703,4.4
8795,4.3
8538,3.8
5901,4.7
8663,4.7
3224,4.4
8594,4.7
2187,3.9
682,4.3
2634,4.2
2806,4.5
6847,3.4
4606,4.5
6592,4.7
6327,4.1
2429,4.3
6977,4.2
3773,4.3
4039,4.3
6008,3.7
4384,4.1
1578,4.3
2542,4.3
4030,4.4
1298,4.1
2802,4.6
2958,4.0
6043,4.3
8513,4.1
8995,4.4
7300,4.4
4326,3.8
6718,5.0
3202,4.0
7910,2.3
9272,3.9
1819,4.5
2964,4.4
8126,3.8
6070,4.3
2616,4.1
2705,4.3
9344,4.2
8180,4.7
7031,5.0
760,4.3
3187,4.3
7894,2.0
5514,3.9
8649,3.4
5847,4.6
74,4.5
4648,4.1
5049,3.8
8727,4.2
5411,4.4
1256,4.5
2742,4.4
1191,4.0
1307,4.4
8324,4.1
7617,4.1
8035,4.1
3494,3.9
5403,4.6
4168,4.3
1661,4.5
4062,3.7
3883,4.6
4555,4.6
1409,3.8
9349,4.2
6906,4.7
453,4.2
1164,4.6
2778,4.1
6286,4.4
701,4.3
1630,4.8
6908,4.6
6936,4.3
2993,4.4
3656,4.0
6442,3.8
680,4.3
4975,4.4
1315,4.2
6056,4.5
498,3.0
1668,4.7
4880,3.6
1542,3.8
3181,4.4
5319,4.7
6999,3.8
3416,4.6
3837,4.7
4318,4.0
6285,4.2
5235,4.1
3368,4.4
1136,3.8
5022,3.6
2772,3.8
1744,4.5
2566,4.4
5388,3.5
7795,3.4
6902,4.6
3238,4.3
4133,4.3
8314,4.3
8848,3.1
8546,4.0
5861,4.4
7285,3.9
5875,3.8
5618,4.8
1476,4.1
1929,4.7
1882,4.4
4113,4.2
1558,3.9
8200,4.7
37,4.0
6910,5.0
457,4.1
2492,4.0
3808,3.3
7179,4.6
3322,4.4
1352,3.5
6675,4.7
4645,4.3
3559,4.4
2222,4.2
2777,4.0
4176,3.5
9008,4.3
1765,4.3
8888,4.1
6525,5.0
5602,4.2
1776,4.4
6628,4.4
7327,4.1
3789,4.1
385,4.3
7204,4.2
5813,3.6
5121,4.1
8829,3.8
148,4.7
5128,3.8
4619,4.4
8693,2.8
9063,4.9
767,4.1
5569,4.4
3331,4.5
8202,5.0
4631,4.3
6227,4.4
419,4.3
21,4.7
1068,4.2
5285,4.4
2552,4.3
2686,4.5
6766,3.7
2530,4.5
7414,3.7
44,4.6
2971,4.7
3514,4.2
3163,4.6
3507,4.5
4599,4.3
5579,4.7
11,4.4
4967,4.8
1243,4.5
2031,4.2
2642,4.6
8905,4.3
3004,4.5
4021,4.2
1090,4.3
4004,3.0
3130,3.4
1015,4.0
3030,4.3
3156,4.5
3481,4.4
6301,4.5
788,3.5
4600,4.6
1511,4.4
8875,3.9
3016,4.3
4146,4.7
969,4.3
7705,4.5
7105,4.4
4252,4.4
8625,3.9
7115,4.6
2913,4.3
1708,4.2
7287,3.9
874,4.0
1433,4.5
3866,4.8
9080,4.1
8368,4.0
903,3.7
1064,4.5
6700,4.1
4283,4.1
1721,4.5
1751,4.5
4791,4.0
3316,4.5
8920,4.3
1413,4.5
7111,4.4
3373,4.3
6276,4.7
6993,3.9
4990,3.0
7119,4.5
3375,4.2
6105,2.3
7561,2.9
756,4.1
5416,4.2
7336,4.2
3434,3.8
3827,4.8
2549,4.3
8613,3.6
1393,4.5
8685,4.2
5748,4.3
7576,3.6
5182,3.9
4640,4.3
7718,3.8
1050,4.7
7302,3.9
8452,4.5
7956,4.2
7644,4.2
4211,3.8
3638,4.0
2615,4.6
5563,4.4
4029,4.9
1264,4.5
4354,3.2
1602,4.3
7658,4.5
5856,4.8
1883,4.4
1078,4.5
136,4.5
1430,4.4
7000,4.2
4670,4.2
944,4.2
2934,3.5
7765,4.3
5815,4.6
4603,4.2
8996,4.9
8883,4.4
5760,4.6
7938,4.3
3392,4.6
7847,2.4
1274,4.6
4024,3.7
8439,4.6
4228,4.2
7918,4.2
6892,3.7
1305,4.6
2378,2.7
2881,4.1
287,4.7
4787,4.3
1099,4.2
1295,4.8
1072,4.6
7537,4.0
5495,3.2
3983,4.2
2673,4.2
4474,4.3
1122,3.7
6685,4.1
293,4.6
1107,4.0
1382,4.2
1022,4.4
2520,4.4
7347,4.7
2023,4.7
6416,4.0
1340,4.5
668,3.9
6516,2.0
1826,4.6
1457,4.6
7525,4.1
1663,4.4
1739,4.4
3722,4.3
2484,4.1
2300,4.0
9328,4.2
3321,4.7
3335,4.2
1373,4.1
591,4.6
2493,4.2
6251,4.3
1346,4.1
7517,3.7
5238,3.6
7639,4.5
6131,4.8
2077,4.4
2780,4.3
281,4.3
679,4.5
6673,4.0
3222,4.7
3618,4.1
8099,5.0
4596,4.2
4184,3.9
8832,2.8
5931,3.9
5960,3.9
2131,4.7
4553,4.0
7175,3.9
2198,4.2
29,4.1
2125,3.9
4084,4.3
8419,4.3
3359,4.6
8694,2.8
3969,3.8
137,4.5
6677,4.5
9178,3.8
4801,4.3
13,4.6
7939,4.3
4676,4.8
1609,4.7
2499,4.0
4852,4.1
3193,4.6
4165,4.2
2454,4.3
387,4.5
6541,4.0
7952,5.0
992,3.3
8925,4.0
6125,3.8
4774,3.4
2232,4.6
3745,4.1
7247,4.4
8456,4.4
7776,3.8
3777,4.4
545,4.0
3868,4.7
8697,3.2
4939,3.7
1335,4.3
4458,4.4
1461,4.4
5066,4.2
4169,4.3
4590,4.4
1881,4.5
3120,3.6
1512,3.5
6756,4.6
9095,3.6
3966,4.2
6031,4.5
1339,4.4
4910,4.0
1796,4.4
1008,4.1
7206,5.0
7356,4.2
8216,4.6
8551,3.1
416,4.2
2156,4.5
8858,4.2
2061,3.9
167,3.4
6302,4.6
4044,4.6
5808,4.0
955,4.0
365,4.5
5653,4.4
4741,4.1
4299,4.5
807,3.5
6289,4.5
3112,4.4
1146,4.8
3061,4.2
324,4.3
4847,3.9
714,4.6
2073,4.1
3819,4.2
318,4.7
2444,4.2
4997,3.8
2489,4.2
3856,4.1
3958,3.6
2011,4.5
8138,5.0
3570,4.0
802,4.4
3792,4.4
8844,4.1
1332,4.4
6571,3.7
6899,4.2
8213,4.0
3749,4.8
2219,4.8
5375,2.7
4277,5.0
5258,4.3
5175,4.7
530,3.0
8307,3.8
422,4.4
7912,4.6
9340,4.7
9266,4.4
8018,3.6
218,4.4
8763,4.3
471,4.5
2139,4.0
2571,4.5
262,3.5
7904,3.1
5786,4.0
1171,4.3
7492,4.7
6484,3.2
1797,4.4
4067,2.7
7428,4.5
768,3.9
568,3.5
1510,3.2
2359,2.5
3287,4.3
8904,4.5
2009,4.5
685,4.6
329,4.3
8760,4.6
5773,4.2
440,4.2
7288,4.3
107,4.2
3182,4.5
4411,4.2
2254,4.4
1793,4.7
91,4.6
2329,4.8
3317,3.2
6737,4.4
2033,4.3
4206,3.7
8787,3.9
2989,4.3
1,3.9
4525,1.9
988,3.8
8391,4.6
2861,4.3
5530,4.2
6973,4.4
607,3.0
8991,5.0
6776,4.2
3077,4.4
2589,4.5
1660,4.3
7426,5.0
7931,2.5
224,4.2
831,4.5
7825,4.8
3649,4.3
7159,3.3
2128,3.9
8448,4.3
5768,4.6
1651,4.4
174,3.5
4909,4.4
3720,4.3
6970,4.6
8863,4.4
5789,4.8
2097,3.9
285,4.5
4016,3.6
4340,4.4
7348,5.0
3942,4.3
5504,4.2
407,4.5
599,4.9
9203,4.0
9347,5.0
8654,3.9
8000,3.6
8917,3.6
7467,3.9
536,4.0
1847,4.5
1959,4.3
5691,4.1
4121,4.8
3487,4.4
2341,5.0
3367,4.6
542,3.8
3087,4.5
4673,3.8
4055,4.2
6055,4.5
745,4.7
6583,4.2
8807,4.4
4644,3.9
3787,4.7
6254,5.0
1114,4.6
606,5.0
535,4.2
3523,4.4
3830,4.6
6212,3.7
7610,4.3
5496,4.0
1691,4.1
3764,4.5
8899,4.1
9357,5.0
1893,4.4
844,4.3
845,4.5
7598,4.1
1939,4.7
2064,4.1
3376,4.2
3752,4.1
986,3.6
4119,4.5
6707,4.2
6026,4.5
5887,2.8
6597,4.0
8664,4.1
4352,3.9
4187,3.7
8231,3.8
4285,4.6
1052,4.3
7015,5.0
3604,4.6
8512,3.6
3932,4.6
6058,2.6
7761,4.1
3234,4.3
3298,4.3
5378,3.4
6255,4.0
3344,4.6
7451,3.7
1162,4.1
7669,4.3
2985,4.1
939,4.2
9241,3.8
7801,3.8
6626,3.9
531,4.4
8618,4.8
5043,3.9
1527,3.6
3707,4.3
3763,3.8
7438,4.2
4869,4.1
2647,4.4
3135,3.6
4159,4.9
8836,3.3
959,4.6
30,4.5
9170,4.7
2648,4.0
2569,4.5
5352,5.0
5674,4.3
815,3.8
3901,4.6
5018,4.1
296,4.4
739,4.2
8631,4.5
2486,4.3
7424,2.6
7951,3.5
22,4.7
2893,3.4
938,4.6
970,4.2
1104,4.4
9254,4.2
1331,4.4
4781,5.0
8010,4.4
8680,3.9
289,4.8
5393,4.0
2169,4.5
1311,4.7
2521,4.4
587,4.4
1506,4.3
4058,3.9
5398,4.2
1313,4.2
6773,4.3
4886,4.5
3679,4.2
2655,4.5
5799,3.4
1071,3.9
4977,3.9
4744,4.3
6806,4.2
8016,5.0
2149,4.1
5685,4.2
9155,4.0
1774,4.3
7985,4.0
8459,4.3
5671,4.2
2069,4.5
306,4.5
1631,4.7
2096,4.4
604,4.7
3472,4.5
2544,4.3
2214,4.6
4158,3.1
8127,3.4
3895,4.6
3661,4.2
2860,3.3
4722,3.3
5463,4.0
8480,4.3
8491,4.3
572,2.8
7412,4.3
5002,3.6
2610,4.0
3892,4.4
4466,4.0
7989,4.8
5616,3.4
1800,4.5
2745,4.6
8670,4.5
1788,4.5
2224,4.7
3382,4.2
2522,4.5
4497,4.3
1351,4.5
7875,4.7
8407,4.5
8302,3.9
4086,4.4
6757,4.3
6493,3.4
6861,4.7
1675,4.3
8761,4.4
8235,4.0
2247,4.2
2536,3.6
330,4.3
8361,5.0
3253,4.7
5558,2.5
7354,4.4
9061,4.4
4197,4.2
848,4.3
3161,3.9
1795,4.6
3530,4.7
38,4.2
4750,4.1
966,4.5
6128,3.0
5622,4.2
4128,4.2
5707,4.3
4302,4.0
1030,4.2
1047,4.7
7549,4.3
1488,4.5
1644,4.3
4305,4.7
5975,3.7
7338,4.1
4439,3.9
1421,3.9
8734,4.2
8840,2.1
1051,3.8
2823,4.4
5356,4.1
1724,4.6
1356,4.4
3835,4.3
1446,4.1
2017,4.2
4879,5.0
8628,4.0
3303,4.4
2115,4.1
945,4.4
5103,4.5
4232,4.3
4428,4.5
2,4.7
2194,4.7
902,4.1
2878,4.2
2607,4.7
1998,3.9
1680,4.1
6342,4.7
1997,4.8
5450,4.4
8779,2.8
6040,3.8
2877,4.2
779,4.7
55,4.2
1880,4.3
4001,1.8
6520,3.4
2694,4.4
2941,4.2
989,4.2
7614,4.0
877,4.2
4508,4.0
3544,4.4
1456,4.3
3718,4.2
937,4.3
5778,4.2
6104,4.6
6091,2.1
5085,4.3
1952,4.3
5502,3.7
10,4.4
3558,4.1
5769,4.6
1543,4.3
859,3.7
7540,4.0
7192,4.0
4231,4.7
2193,4.5
7806,3.6
9292,4.2
2322,3.1
1017,4.5
4694,3.7
2773,4.4
6622,3.0
757,4.2
444,4.0
4588,2.9
6603,4.6
153,4.8
2118,4.3
7762,4.4
1231,4.7
3653,4.1
2135,4.3
3914,3.9
2765,4.3
4684,4.3
4635,4.2
7330,5.0
7050,4.0
4558,4.8
2565,4.1
1328,4.6
1855,4.7
3664,4.3
283,4.5
4999,4.9
5057,3.6
256,4.4
9049,3.7
4773,4.4
2117,4.6
8604,4.6
7245,2.9
866,3.9
6523,3.3
3965,4.5
9038,4.1
9304,4.1
7500,3.9
1888,4.5
7855,3.1
4535,4.4
2602,4.1
561,4.3
3384,4.5
791,4.4
323,4.4
3674,4.4
1197,3.3
5933,3.5
9215,3.2
4280,4.0
2910,4.8
973,4.4
8559,4.0
3741,4.3
4115,4.6
40,4.4
4659,4.6
4454,4.0
3124,3.9
5617,4.3
138,4.5
5542,4.6
9217,3.8
2808,4.3
3366,4.5
1248,4.5
8453,4.1
662,4.4
9179,4.4
1546,4.1
4698,1.6
3183,4.2
987,3.7
2560,4.0
5394,4.8
8406,4.4
7483,4.7
5031,4.7
879,4.3
1605,4.4
3071,4.4
4405,3.6
678,4.7
4630,3.9
4009,4.6
403,4.2
4534,4.7
9207,4.2
6391,4.3
4150,4.3
413,4.2
5013,4.6
5446,3.9
7459,4.2
3502,4.5
48,4.0
6057,3.0
8942,4.4
9220,4.4
3796,3.7
3880,4.5
8528,3.6
5533,4.1
5646,4.8
9056,1.0
2562,4.1
6003,3.9
1834,4.2
9013,3.0
7569,2.8
4225,3.8
8816,4.4
351,4.2
226,4.3
3817,2.2
1407,4.0
8521,3.6
9032,3.8
4050,4.5
3794,4.1
342,3.9
9191,4.9
3145,4.4
9230,4.6
3257,4.3
9022,5.0
2412,4.4
4370,4.2
3702,4.3
1533,4.1
181,4.1
4376,4.1
7743,3.7
3723,4.3
4399,3.0
5471,3.8
7543,3.9
6759,4.3
7609,4.5
991,4.2
62,4.9
1306,4.5
6194,4.0
5447,4.4
7721,4.3
2205,4.2
1608,4.4
161,3.9
6991,4.3
497,3.4
6663,4.3
4660,4.6
4076,4.1
1846,4.5
803,4.0
1869,4.1
7675,3.8
6788,4.3
4702,3.2
5070,3.5
2852,4.6
7462,2.9
4366,4.6
1399,4.6
8271,4.4
2995,4.4
197,4.6
1202,4.8
2143,4.0
9147,4.0
7746,4.0
156,4.6
4293,4.6
5138,4.1
7477,4.5
3506,3.8
4995,4.6
3007,4.5
3930,4.3
1452,4.5
6422,4.2
8804,4.7
7637,4.3
6096,4.3
3783,4.6
8377,3.4
5004,3.4
3169,4.0
3110,4.3
8043,4.4
1792,4.7
3094,4.4
467,4.1
6686,4.4
7896,4.3
7070,4.0
654,4.8
4437,4.1
5036,4.7
7839,4.0
2159,4.4
4214,4.0
7512,4.6
1706,4.6
4888,2.9
5877,4.6
6242,5.0
8130,3.0
42,4.2
5850,2.3
2174,4.6
4080,4.3
2260,4.6
76,4.5
7367,4.2
9236,5.0
2798,4.2
3323,4.0
2161,4.5
454,4.3
2136,3.9
2682,4.4
1367,4.4
8569,4.3
3573,4.3
1370,4.6
248,4.1
7696,4.8
2740,3.9
4818,4.7
2714,4.6
3423,4.6
3329,4.0
4109,4.9
2909,4.4
5041,4.6
4396,4.1
2191,4.2
2820,4.4
2902,4.5
4895,5.0
5740,4.5
1453,4.4
8754,3.7
8429,4.2
7420,4.8
7960,3.7
8994,4.0
5309,3.3
6311,4.5
1345,4.4
8293,4.1
9163,3.7
7062,3.0
1639,4.6
8756,3.5
3333,4.2
4767,4.3
5009,4.3
8748,4.5
5054,4.4
3748,4.1
6554,5.0
2004,4.5
529,4.2
4350,4.5
1374,4.4
6067,4.5
967,4.6
3602,4.0
3849,4.7
4415,4.8
3299,4.6
2285,4.6
827,4.2
4625,4.1
6712,4.7
6627,1.9
996,4.7
875,4.3
5314,4.5
7393,4.0
4452,4.1
173,4.4
6019,4.1
4748,4.5
4143,4.8
2679,3.7
8894,4.3
1377,4.7
5532,2.4
8467,4.1
5721,4.4
7698,4.3
8659,3.7
3443,4.6
3453,4.8
340,3.7
6358,4.5
2631,4.4
8771,3.9
6635,4.2
6446,3.9
8738,3.8
4608,4.4
885,4.0
3220,4.6
3613,4.4
5624,4.2
8131,4.1
56,4.0
6814,1.9
4227,3.8
3601,4.4
6943,4.5
1985,4.5
1565,4.5
5095,4.0
5148,4.5
4323,3.8
3478,4.7
6532,4.7
5199,4.2
999,4.0
6244,4.8
3436,4.7
2246,4.5
9034,3.9
5392,4.5
8226,4.6
7829,4.6
3198,4.2
5870,4.4
821,3.7
8766,4.1
3648,4.5
297,4.5
9258,5.0
4725,3.4
8265,5.0
2427,4.4
2858,4.4
2164,3.2
3532,4.5
775,4.4
1004,4.2
8071,4.2
2350,5.0
1053,4.3
3355,4.7
1843,4.6
7587,2.9
4622,4.4
5859,4.0
1808,4.5
5503,3.9
8310,4.7
354,4.4
3855,4.7
4416,4.2
741,4.5
3575,4.3
5528,4.2
5221,3.8
1020,4.1
8798,4.2
8418,4.0
2290,4.5
2854,4.3
4964,4.4
5408,3.3
8184,4.6
8523,3.9
8187,4.0
5607,4.3
6472,3.8
3726,4.2
5012,4.8
5626,4.1
2074,4.1
4289,4.5
4966,4.1
7579,3.3
5625,4.6
9214,5.0
5261,3.7
8830,4.0
5343,3.6
3754,4.1
7196,4.7
8497,4.3
490,3.9
7611,4.6
398,4.3
8088,5.0
8500,5.0
552,4.6
7035,4.0
8705,4.4
5341,4.0
4385,4.8
7131,3.5
3660,3.9
212,4.4
1398,4.4
3655,4.1
2849,4.3
6549,3.8
5340,3.5
7240,4.6
4866,4.1
4182,4.0
1938,4.3
8304,4.0
3013,4.4
3171,4.1
1271,4.4
7321,4.2
1729,4.7
3560,4.4
3629,4.3
7782,4.0
3002,3.8
1876,4.4
5908,3.8
3951,4.6
3511,4.2
3510,4.0
3686,4.7
8141,4.0
5420,4.4
6540,4.5
3598,4.4
633,3.4
3197,4.1
8050,4.2
133,4.6
9172,2.0
4032,4.4
3076,4.6
5795,4.5
4651,4.5
3684,4.4
2871,4.4
880,3.7
1723,4.6
1048,4.6
3424,4.4
9327,4.0
2274,4.5
8592,3.0
2584,4.1
375,4.2
2476,4.2
358,4.6
867,4.0
6728,4.4
5014,4.8
3348,4.3
7668,4.2
8934,4.7
6453,1.5
3468,4.7
4274,4.5
8311,3.9
2201,4.1
1918,4.6
846,4.6
9273,4.2
2815,4.3
96,4.7
4398,4.1
3910,3.1
3032,4.4
2508,4.4
7976,4.1
7645,4.3
8236,4.4
3371,4.6
6720,4.7
7006,2.6
6506,4.4
7905,2.4
8284,4.4
6547,4.5
2994,3.6
8640,4.7
3053,4.4
1949,3.9
6185,4.4
4814,4.1
1941,4.5
2786,4.2
2331,3.7
5710,4.1
2445,4.2
1003,4.3
3209,4.6
1186,4.5
2738,4.1
2291,4.5
432,4.1
975,4.5
1320,4.6
493,3.6
2120,4.4
8585,4.2
6224,3.4
6166,3.9
5959,3.2
7501,3.8
1268,4.6
7282,4.7
2767,4.3
6200,3.9
8972,4.6
2054,4.6
3251,4.6
4179,4.5
2236,4.5
3841,4.2
5189,2.7
2081,4.8
4194,3.6
9167,4.3
3195,4.3
1314,4.5
2278,4.6
2853,4.7
1056,4.6
2276,4.6
4874,3.4
5453,3.7
6491,4.5
7324,4.3
3916,4.6
3751,4.3
4918,4.4
1384,4.1
1947,4.3
2458,4.4
2590,4.4
2221,3.7
1129,4.3
6332,4.1
9301,4.3
4400,3.8
2762,4.1
79,4.4
3039,4.2
6708,5.0
5028,4.3
1380,4.5
6431,3.0
9244,4.2
8095,5.0
925,4.1
4006,4.6
5831,4.6
6440,4.0
8916,4.2
3106,3.1
3534,3.7
5763,4.5
2701,4.2
9158,4.9
2776,4.6
5583,1.0
3683,4.3
388,4.3
1992,4.5
4629,2.8
8002,3.0
8115,4.7
4188,3.3
7139,4.3
1688,4.2
1184,4.2
3831,4.6
3643,4.2
9103,2.9
6561,4.0
3099,4.6
2078,4.4
9290,3.6
8041,4.1
2514,4.5
8529,3.9
1408,4.0
333,4.3
1703,4.6
3867,4.0
8526,4.0
2145,4.3
2307,4.3
1757,4.5
6558,4.3
272,4.3
9023,4.5
2124,4.1
4992,4.2
954,4.5
3898,4.1
7057,3.8
2110,3.9
4407,3.5
2001,4.3
1912,4.4
1657,4.4
4615,4.5
4956,5.0
6822,3.4
8142,4.9
4858,4.1
6909,4.6
4381,4.3
4829,2.0
236,4.3
776,4.4
8880,4.4
1207,4.5
5911,4.8
7149,3.0
6198,4.8
8286,4.4
5944,4.5
8843,4.2
2903,4.4
899,3.7
4469,2.5
5952,4.9
7533,3.8
5351,3.8
6656,3.9
2692,4.6
6132,4.0
3069,4.5
120,3.9
696,4.2
6459,5.0
3,4.5
4343,3.8
6309,4.3
483,3.5
5,4.4
5670,3.8
972,5.0
2736,4.4
4511,4.2
1127,4.5
2731,4.4
254,4.2
8051,4.5
1226,4.5
3011,4.0
3889,4.2
8520,4.1
2537,4.3
3670,4.4
7840,4.1
3564,4.5
2704,4.7
7584,4.4
6022,4.6
1689,4.3
8990,4.6
2414,4.4
2850,4.4
8159,3.3
1378,4.6
3597,4.0
3967,4.3
6612,4.7
8678,4.7
2495,4.4
2059,4.2
3667,4.2
1845,4.3
5743,3.7
2880,3.1
6037,4.0
8688,4.5
2613,4.0
7554,4.5
7727,4.9
4167,3.9
4925,4.1
6747,4.3
1577,4.3
4379,4.4
7018,4.6
2243,4.6
1235,4.0
8411,3.8
244,4.4
68,4.8
1687,4.7
6730,4.1
3426,4.4
3750,4.4
6919,4.4
4834,4.2
7807,4.9
132,4.5
6813,3.6
5681,4.3
1362,4.6
2060,4.7
8412,4.2
8326,4.4
2160,4.6
4782,4.6
6180,4.6
8799,4.3
3227,4.1
8027,4.4
7711,4.3
8083,3.5
3488,3.9
8297,4.3
6340,4.6
7219,4.5
2938,4.0
971,4.3
1730,4.6
5433,4.2
5437,3.8
5276,4.3
5780,4.6
7664,4.5
4823,4.4
7627,4.5
377,4.2
3430,4.1
2210,4.2
4292,4.4
4770,4.1
541,4.1
5030,4.8
57,3.9
689,4.4
314,4.4
2907,4.2
6265,3.8
1342,4.5
9138,4.4
4927,3.2
2140,4.3
5714,4.5
7797,3.8
5456,4.6
4632,4.8
3798,4.5
4316,4.2
3019,3.5
4375,4.5
7200,4.7
5491,4.2
2375,3.7
2349,4.6
5566,2.6
8267,2.4
2385,4.0
7785,4.2
6413,4.8
1837,4.4
5522,4.3
2052,4.0
8036,4.2
3260,4.2
2533,4.7
539,3.3
7023,4.3
7605,4.4
7835,4.6
5906,4.6
7474,4.8
4056,3.9
8695,3.6
4906,3.4
5980,4.3
8195,3.1
3265,4.4
7594,3.0
4329,3.6
2053,4.3
724,4.4
4361,4.3
719,4.2
8012,4.5
1971,4.4
3409,4.0
292,4.4
1803,4.3
3088,4.7
4655,4.5
952,4.0
6550,4.2
9040,4.0
6618,4.5
8128,3.9
7846,4.6
813,4.3
6863,4.3
1990,4.6
4204,4.1
3978,3.8
4310,4.2
3973,4.0
6894,4.2
4483,4.5
5961,4.2
6770,4.5
2734,4.0
4337,4.4
3172,4.3
6466,4.2
3733,4.3
2973,4.1
5805,4.1
3625,4.4
6974,4.3
145,4.6
7911,2.9
5144,4.0
2266,4.3
2213,3.5
3320,4.4
5071,4.5
4839,4.4
5426,4.8
8074,4.1
7997,4.0
4435,4.3
4533,4.2
1397,4.3
2101,4.4
4743,4.1
2623,4.4
7858,3.5
1424,4.0
7791,3.4
6837,2.0
1395,3.9
9348,4.0
7709,4.2
9218,4.6
2235,4.7
4731,4.8
2207,2.6
4877,3.4
4141,4.2
7851,5.0
1318,4.6
3421,4.6
7930,3.2
3517,3.9
2955,4.2
4926,3.6
7292,4.6
1932,4.5
5076,4.1
3178,4.2
401,4.3
247,4.2
1141,3.8
2068,4.3
4560,4.2
4118,4.4
823,4.5
2250,4.4
4734,3.7
726,4.2
261,3.8
6929,3.8
1658,4.5
6830,4.2
3562,4.4
2166,4.5
1907,4.6
8637,4.0
8915,4.3
4745,3.9
5957,4.3
769,4.1
8288,4.9
8708,4.1
2133,4.3
6507,4.4
7368,4.3
5591,2.9
4351,4.3
5016,4.6
2865,4.4
8417,3.4
8014,3.9
8082,4.4
1538,4.1
7760,3.9
6497,4.1
1752,4.6
2897,4.0
2084,4.5
4772,4.3
4815,4.7
8672,4.0
417,4.2
397,4.3
8363,4.6
2237,4.7
1717,4.3
8533,3.7
5973,3.5
4991,3.9
8378,4.0
7822,4.1
4081,4.7
5663,4.5
4331,4.4
5225,3.2
6374,4.5
8443,4.5
5695,4.1
235,4.6
2279,3.6
3279,4.6
4669,4.6
1908,4.6
8553,3.5
5435,4.1
5263,4.3
850,4.2
3012,3.9
9,4.7
7360,4.1
2028,4.4
1922,4.6
5011,4.2
267,4.1
7889,3.4
6119,4.4
4685,4.8
8388,4.8
1665,4.2
3097,4.1
977,4.8
8966,4.1
8233,4.2
2649,4.6
6681,4.2
5333,2.8
5647,4.4
7970,4.5
7436,3.0
6564,3.8
3929,4.3
5045,4.0
4306,2.7
5248,3.9
2920,4.4
555,4.2
2886,4.1
9127,4.4
8511,4.0
7638,3.9
5830,4.2
1211,4.5
5438,4.6
4668,4.4
720,4.1
3160,4.8
370,4.3
5372,3.4
2972,4.4
2924,4.5
1419,4.2
5442,4.6
7983,3.6
486,4.5
2844,4.0
3473,4.4
3791,4.4
1463,4.5
3738,4.2
8352,5.0
5589,4.4
6045,4.3
3519,3.9
1322,4.5
6764,4.2
3665,4.4
6051,4.3
6214,2.7
1316,4.4
6241,2.9
5678,4.1
8954,4.5
4480,3.9
3427,4.4
3074,4.4
4348,5.0
5595,4.2
5183,4.7
1936,4.6
6960,4.5
7634,4.0
8726,4.0
9085,3.7
2190,4.4
141,4.5
5561,4.7
5338,3.6
981,4.1
876,3.9
8461,4.4
1615,4.6
1280,4.4
520,3.5
4464,3.6
7197,4.5
2080,4.0
7270,4.0
3213,4.5
2042,4.5
1450,4.7
947,4.3
5197,4.1
468,3.7
7405,3.2
6215,3.8
8645,3.6
3863,3.7
8615,4.5
5065,4.2
4955,2.8
4442,3.0
3675,4.4
8215,4.1
4304,3.7
3756,4.5
9140,3.9
766,4.6
4359,4.8
2302,3.5
5628,4.0
3064,4.5
8440,4.3
1894,4.6
3639,4.2
3284,4.1
1911,4.2
1221,4.6
1390,3.7
4498,4.5
526,4.1
1764,4.3
515,3.5
8447,3.8
1940,4.4
1454,3.4
6015,4.4
3873,4.8
2525,4.2
5929,3.9
3379,4.5
6739,4.7
1624,4.7
1283,4.3
2822,4.1
9144,4.2
3134,3.8
5894,4.5
6953,5.0
1257,4.5
6207,5.0
5620,4.5
1626,4.5
3444,4.4
3467,4.4
7924,5.0
2680,4.3
1006,4.1
8156,3.2
8052,4.4
7547,3.9
5062,3.6
7618,4.5
4517,4.3
785,4.5
5661,4.3
8260,4.4
1222,4.2
8644,3.9
3437,4.0
7289,3.1
3123,3.5
5632,3.7
5474,4.1
2241,3.0
1126,4.7
2757,4.3
1233,4.5
3365,4.5
3790,3.8
5983,1.0
3079,4.5
7959,2.0
8084,4.1
4691,3.8
8185,4.3
3283,4.2
5278,4.5
151,3.3
9283,4.3
3731,4.1
5223,4.3
2923,4.3
770,4.5
1903,4.5
2643,4.4
4557,4.7
4344,4.2
8903,4.7
7355,4.3
408,4.1
6140,4.8
6966,3.6
8073,4.5
9011,4.1
4692,3.5
1431,4.3
9289,3.8
6510,4.4
612,4.2
6781,4.2
4108,4.7
5731,4.6
6397,2.8
5257,4.0
3055,4.1
9219,4.6
2416,4.3
6044,3.5
3920,4.5
3588,4.7
4007,3.7
4301,4.5
8292,4.0
7624,4.4
8539,4.1
2228,4.8
8610,4.9
5382,4.4
1655,4.6
4242,3.5
1188,4.0
2927,4.0
6982,4.3
3108,4.5
2645,4.5
6496,4.2
3617,3.6
728,4.2
2949,4.3
8040,4.5
3491,4.2
781,4.5
425,4.8
3289,4.0
1600,4.6
6169,4.2
878,4.4
3410,4.2
4131,4.5
664,4.3
117,4.4
430,4.5
3210,4.4
1709,4.5
7982,4.5
7564,4.4
9278,4.6
4358,3.7
3037,4.2
8711,4.2
2167,4.1
806,4.5
2687,4.4
8382,4.3
4125,3.7
3516,3.6
6133,4.5
4275,4.4
2585,4.5
4580,3.8
1130,4.0
4069,4.2
5614,4.2
5919,4.0
5725,4.6
6141,4.5
3651,3.9
2879,4.3
5361,4.1
4160,4.5
1652,4.5
2568,4.2
3900,4.6
7654,4.3
8648,4.2
1771,4.5
904,3.9
3699,3.7
6939,3.5
948,4.6
4794,4.5
7055,3.8
6349,4.5
348,4.1
2980,4.3
3228,4.7
4813,4.5
1414,4.6
1079,4.3
2957,3.5
1715,4.6
2630,4.7
3884,4.5
7749,4.5
8335,5.0
3394,4.3
8642,4.6
8186,4.6
6348,4.5
7461,4.0
6352,4.6
2155,4.4
4652,4.6
9120,4.2
8383,4.3
5751,4.5
1719,4.4
4850,4.8
7187,3.9
2620,4.2
7403,2.1
2353,4.0
3100,4.1
5650,4.4
8805,4.9
3200,4.6
5362,4.1
6338,4.0
2226,3.9
5415,5.0
3261,3.9
5512,4.4
8794,3.5
4207,4.3
3499,4.2
2885,4.3
8172,5.0
5401,4.0
3659,4.1
1763,4.4
4422,4.0
3290,4.2
2383,5.0
7860,4.6
7781,4.4
596,4.8
1550,4.4
5006,4.7
4233,3.5
5635,4.7
3486,4.4
5294,4.0
8366,5.0
4785,3.9
3826,4.1
575,4.2
5562,4.6
5540,4.5
2990,3.1
528,4.1
4936,4.4
1145,3.6
1748,4.6
1076,4.4
2015,4.5
8744,3.8
1216,4.2
2979,4.7
6438,4.1
119,4.5
8653,4.3
793,4.3
8950,4.9
6594,4.4
5493,4.2
3829,4.5
6383,3.9
883,3.8
122,4.6
4959,3.8
8901,4.0
8823,4.1
9263,4.5
686,4.6
4665,4.4
4561,4.3
7616,4.3
7947,4.8
7818,3.9
7867,4.6
4314,4.3
8487,4.5
7890,4.7
1055,4.6
929,3.9
5089,4.5
5642,3.7
5547,4.1
4,4.3
3192,4.1
6092,1.8
3267,4.3
7066,4.3
8008,4.4
2801,4.4
2632,4.2
8022,4.7
5489,4.6
4010,4.4
5206,4.3
4984,4.3
1799,4.6
7118,4.4
8479,4.1
7524,4.1
7132,3.8
6924,4.0
1214,4.7
3404,4.6
590,4.8
3923,4.7
3890,4.6
4319,4.4
906,4.3
2066,4.7
2915,4.3
6400,4.2
5202,4.3
8494,4.3
5536,3.5
1232,4.5
7398,3.9
6513,5.0
1027,4.2
2842,4.3
4695,3.3
7450,5.0
4003,4.4
2505,4.3
4284,3.9
4987,3.8
4300,4.8
3091,4.2
6025,4.4
7823,4.6
540,4.4
2596,4.1
5325,3.9
1925,4.5
6494,4.1
553,4.0
2947,4.3
6249,5.0
5994,3.0
8102,4.2
8274,5.0
4529,4.3
8542,4.4
3318,4.5
837,4.1
4220,4.3
1477,3.1
2678,4.4
162,4.4
3150,4.4
1770,4.5
3042,4.4
9277,4.3
8422,4.4
4928,4.4
4019,4.2
2874,4.3
1979,4.3
5794,5.0
585,3.9
7518,4.4
6312,4.7
1900,4.4
2150,4.3
135,4.2
3537,4.5
3470,4.4
9342,4.1
6632,3.9
3116,4.4
1040,4.3
2389,4.7
201,4.1
1205,4.5
5397,4.3
752,4.4
8902,4.3
640,3.5
4450,3.0
313,4.5
7429,5.0
3563,4.3
8976,3.9
1124,3.1
9060,4.3
9162,3.9
2706,4.6
3593,4.2
1133,4.7
2665,4.7
2292,4.2
1309,4.6
8270,3.0
17,4.3
8692,2.3
3263,4.1
9345,4.0
4844,4.4
8696,3.0
4961,4.8
868,4.4
3208,4.2
8909,4.6
5999,4.0
1012,4.3
7883,4.5
7093,4.6
8792,3.7
5145,4.5
8410,3.5
237,4.5
6735,4.0
3497,4.3
6371,4.1
2626,4.4
578,3.9
3582,3.9
7020,4.7
6754,4.5
1777,4.3
7731,4.2
1109,4.6
3595,4.6
4766,3.4
1007,4.0
9341,4.8
2876,4.0
9169,4.6
4942,3.5
8979,4.7
1284,4.6
5581,3.3
5893,4.3
8865,4.4
1611,4.4
4147,4.5
9242,4.1
1366,4.0
9146,3.7
7794,4.0
6100,4.5
169,4.6
4230,4.8
6248,5.0
1009,4.4
3945,4.4
3377,4.6
3010,4.5
3931,4.3
4633,4.3
5267,4.2
6531,4.7
3102,4.2
6485,3.5
2287,4.3
100,3.9
9071,4.4
2698,4.4
3326,4.6
8350,4.9
265,4.3
4079,4.7
4372,3.5
1516,3.7
5926,4.8
1732,4.5
4887,3.4
4930,4.4
4151,4.0
1780,4.4
3334,4.3
6771,4.7
6926,3.9
4700,3.6
1220,4.6
2343,5.0
7811,3.2
1766,4.6
3313,4.4
8362,5.0
2141,4.2
8034,4.2
4253,4.4
9105,4.2
3249,4.3
4749,4.6
3877,4.5
7048,4.7
5772,4.7
7908,4.0
2134,4.3
5273,4.1
3797,4.4
9232,3.4
673,4.4
7195,4.7
8964,4.5
6354,4.2
274,4.4
6137,4.4
3512,4.3
4224,4.4
5916,5.0
6925,4.5
6589,4.7
7402,3.6
1886,4.5
4943,3.9
3060,4.2
2524,4.2
7498,3.6
6193,2.8
2043,4.2
3117,4.2
504,2.5
1927,4.4
1818,4.6
3052,3.6
3362,4.4
154,4.7
6030,4.3
2070,4.3
1435,4.5
7297,1.9
6575,3.5
7966,4.4
2952,4.2
712,4.6
1878,4.6
8486,4.2
2652,4.5
3540,4.6
4460,4.3
1213,4.7
3415,4.4
646,4.1
6914,3.6
7734,4.4
3736,4.4
2014,4.3
7995,4.0
208,4.3
8793,4.3
3072,4.4
2417,4.6
4589,4.6
819,4.4
4696,3.4
4391,4.0
3398,4.2
213,4.7
3663,4.5
5204,3.8
7039,3.8
5917,4.6
1817,4.5
6228,1.8
2918,4.3
1791,4.5
5488,4.3
5576,4.8
6189,3.9
3627,4.6
7266,4.6
9046,3.9
6313,5.0
907,3.9
6086,4.0
7010,4.3
4944,4.6
4261,4.3
2245,4.8
751,4.6
9274,4.4
3140,4.3
3850,1.7
1720,4.4
8199,4.7
8536,3.5
3608,3.9
3735,4.4
1357,4.5
4863,4.3
7352,5.0
6016,1.9
1937,4.5
5557,4.3
3917,4.8
3447,4.4
9196,5.0
6134,4.7
3897,4.4
3594,3.4
2082,3.8
716,4.2
4986,3.7
5686,4.0
9068,2.1
3902,4.5
4613,4.6
4951,4.4
5912,4.4
5968,4.9
762,4.2
8503,4.2
1348,4.1
6326,4.2
5377,3.5
2816,4.4
7593,2.5
4190,3.5
1372,4.6
5876,4.1
5885,3.8
8343,4.9
2325,3.8
3445,4.6
5988,4.7
8485,4.3
2123,4.5
1613,4.5
1747,4.4
5806,4.6
9246,3.5
9024,5.0
9286,4.3
3781,4.6
6159,4.1
5459,4.3
5143,3.6
2834,4.2
3201,4.5
1681,4.8
7508,2.3
2870,4.1
2766,4.2
6395,3.4
3300,4.5
3457,4.6
1806,4.5
9205,3.2
5606,4.4
7464,4.7
1123,4.2
4838,2.0
3385,4.3
1762,4.4
7729,3.4
7021,5.0
8558,3.9
7417,5.0
1841,4.6
6535,3.6
4364,4.7
5427,5.0
579,4.1
8370,4.0
2931,4.2
916,3.9
8758,4.0
8895,4.5
1568,4.5
7903,3.2
8736,3.6
6476,5.0
5445,3.5
217,4.2
4688,4.8
7786,3.3
923,3.9
4693,3.3
7754,4.0
518,4.1
8323,3.5
1092,4.3
3996,4.5
2831,4.5
5974,4.4
7572,3.1
8947,4.9
5365,4.4
1654,4.7
2914,4.4
6500,4.3
2872,4.0
6840,4.4
857,3.7
6305,3.9
3799,4.5
2595,4.1
4800,4.0
8120,4.3
3245,3.7
7941,4.0
5102,4.7
6451,3.7
211,4.2
6903,4.0
3240,4.6
6758,3.6
8037,5.0
2367,4.5
3715,4.2
6368,3.5
4674,3.9
7098,2.6
4715,3.4
6238,4.5
404,4.5
7552,4.1
6018,4.5
5585,4.2
8135,4.5
1579,4.2
2836,4.2
2112,4.4
5574,5.0
5826,4.7
2709,4.3
9073,4.6
9099,4.5
66,3.9
4040,4.0
2147,4.4
5603,4.8
8107,4.0
508,4.4
392,4.3
6978,4.1
5077,4.5
7007,4.3
4153,4.0
5133,4.3
1140,4.3
931,3.7
350,4.3
8957,5.0
7687,4.7
8931,4.5
7106,4.5
8906,4.1
1080,4.3
1341,4.0
3952,4.4
8641,4.2
4752,3.7
3485,4.6
5184,4.3
9107,3.6
7072,4.6
1059,4.4
2065,4.2
4479,3.9
170,4.4
6075,4.4
7699,4.2
7295,4.1
5005,4.5
1584,4.4
9055,4.4
3999,4.3
5550,4.2
2754,4.1
3612,4.3
1085,4.3
3214,4.7
8537,4.0
4099,4.1
1669,4.2
2039,4.3
3295,4.4
6996,4.3
36,4.7
4174,4.5
828,4.5
2697,4.6
8595,4.6
1562,4.5
7967,3.8
5866,5.0
6824,2.9
1429,4.4
7909,3.7
2753,4.1
8483,4.6
2965,4.1
2126,4.2
253,4.2
2146,4.3
2496,4.1
619,3.9
2576,4.5
5732,2.3
6948,3.3
3029,4.4
6726,4.6
697,4.5
4046,4.5
3710,4.4
3345,4.3
1612,4.6
7828,3.0
1333,4.1
8749,4.7
1983,4.5
4862,4.3
3146,4.4
2875,4.1
200,4.3
2888,4.5
2132,3.8
8886,4.6
2699,4.5
7046,2.0
3528,4.5
4756,4.5
1250,4.4
7082,4.3
5360,3.4
5638,4.2
2574,4.4
7799,3.9
822,3.9
1769,4.6
5971,4.3
4626,2.2
482,4.4
6887,4.3
6144,5.0
5516,4.2
5728,1.7
913,4.1
8189,4.1
